id,rate
01001,7587
01003,6192
01005,6145
01007,8279
01009,8115
01011,8791
01013,7825
01015,8436
01017,7114
01019,5455
01021,6761
01023,3900
01025,10236
01027,8689
01029,6948
01031,6959
01033,8509
01035,6952
01037,4867
01039,7911
01041,6970
01043,8588
01045,6855
01047,7584
01049,9757
01051,8055
01053,7321
01055,9885
01057,8839
01059,10522
01061,6436
01063,8371
01065,10019
01067,7369
01069,6961
01071,10039
01073,8056
01075,7714
01077,7080
01079,6323
01081,6350
01083,6954
01085,9777
01087,5584
01089,6057
01091,9606
01093,7108
01095,9580
01097,6328
01099,5913
01101,7170
01103,9038
80001,0
01105,9850
01107,8810
01109,6127
01111,5554
01113,4872
01117,7292
01115,7347
01119,6896
01121,6515
01123,5903
01125,8953
90001,0
01127,8337
01129,7344
01131,8579
01133,8366
02013,1168
02016,3514
02020,7959
02050,13205
02060,0
02164,3930
02068,2861
02070,2481
02090,5089
02100,869
02110,3283
02122,6178
02130,1726
02150,7031
02158,9225
02170,5891
02180,2748
02185,8197
02188,5261
02195,949
02198,1160
02220,3179
02230,1437
02240,5919
90002,0
02261,3749
02275,999
02282,8981
02290,3996
04001,10563
04003,6023
04005,7906
04007,8426
04009,8463
04011,4242
04012,7215
04013,7254
04015,6075
04017,10420
80004,0
04019,6737
04021,6079
04023,13080
90004,0
04025,4904
04027,13009
05001,7571
05003,6567
05005,5041
05007,6575
05009,6927
05011,8891
05013,4605
05015,7434
05017,14014
05019,6218
05021,9154
05023,5160
05025,7252
05027,6782
05029,6442
05031,9223
05033,7180
05035,9091
05037,8672
05039,6991
05041,8511
05043,8030
05045,6203
05047,6271
05049,7173
05051,5934
05053,6027
05055,9846
05057,5758
05059,10840
05061,8430
05063,7426
05065,9787
05067,16932
05069,10171
05071,7092
05073,5208
05075,9673
05077,16359
05079,21713
05081,6746
05083,6768
05085,5776
05087,6322
05089,3923
05091,6433
05093,10850
05095,7252
05097,5653
05099,7246
05101,7184
05103,5957
05105,4265
05107,7153
05109,6540
05111,10277
05113,6386
05115,8715
05117,6871
05119,6432
05121,8202
05125,6330
05127,5943
05129,6471
05131,7657
05133,12324
05135,6639
05123,11034
05137,6157
90005,0
05139,6522
05141,4660
05143,9116
05145,6213
05147,5806
05149,11353
06001,3139
06003,5934
06005,6326
06007,3378
06009,2529
06011,6270
06013,3528
06015,2732
06017,2965
06019,6650
06021,5226
06023,1301
06025,12412
06027,3520
06029,7661
06031,10536
06033,2870
06035,15343
06037,7875
06039,6743
06041,3785
06043,1482
06045,2866
06047,7002
06049,3653
06051,6210
06053,6418
06055,4211
06057,2625
06059,5088
06061,3453
06063,2584
06065,7455
06067,4240
06069,5953
06071,9133
06073,4660
06075,2692
06077,6004
06079,3831
06081,3207
06083,3904
06085,3722
06087,3260
06089,4475
06091,1564
06093,2701
06095,4291
06097,3869
06099,6258
06101,6708
06103,5058
06105,2246
06107,7173
06109,5437
90006,0
06111,4829
06113,3761
06115,4955
08001,7789
08003,5839
08005,5838
08007,3471
08009,5417
08011,20190
08013,4515
08014,4026
08015,5266
08017,4860
08019,2907
08021,3875
08023,4193
08025,27388
08027,2920
08029,5166
08031,6603
08033,2530
08035,4494
08037,6153
08041,5768
08039,3726
08043,9784
08045,6520
08047,2002
08049,4264
08051,4088
08053,1707
08055,4001
08057,2370
08059,5108
08061,5334
08063,6171
08067,3993
08065,5327
08069,4267
08071,3529
08073,13734
08075,14498
08077,5991
08079,5721
08081,4087
08083,4743
08085,4990
08087,7348
08089,9016
08091,3130
80008,0
08093,2037
08095,6705
08097,5881
08099,8273
08101,7913
08103,4253
08105,3488
08107,4126
08109,3751
08111,3708
08113,4817
08115,5960
08117,6910
08119,3915
90008,0
08121,7070
08123,6194
08125,5509
09001,5966
09003,5234
09005,4145
09007,4042
09009,5542
09011,4003
09013,3251
90009,0
09015,4401
10001,5160
10003,5983
10005,6474
90010,0
88888,0
11001,4144
12001,5897
12003,8456
12005,6815
12007,7730
12009,3494
12011,7046
12013,8741
12015,3922
12017,4452
12019,5136
12021,5847
12023,8379
12027,7626
12029,6626
12031,6402
12033,7021
12035,3235
12037,7422
12039,8734
12041,5456
12043,5568
12045,9773
12047,8850
12049,7833
12051,7831
12053,3783
12055,4683
12057,5239
12059,8579
12061,4298
12063,10016
12065,6977
12067,16884
12069,4238
12071,5273
12073,6667
12075,4459
12077,8977
12079,8327
12081,5537
12083,4868
12085,4868
12086,11000
12087,5693
12089,5387
12091,6100
12093,5762
12095,5486
12097,6744
12099,5537
12101,3959
12103,4612
12105,5160
12107,5354
12113,6065
12115,4289
12117,3832
12109,4938
12111,4349
12119,3840
12121,9039
12123,9119
90012,0
12125,9444
12127,4028
12129,6242
12131,6603
12133,7737
13001,9180
13003,9528
13005,9136
13007,5464
13009,7226
13011,6472
13013,6526
13015,7482
13017,8934
13019,5902
13021,6692
13023,7892
13025,5515
13027,6469
13029,4953
13031,5594
13033,7094
13035,6945
13037,5994
13039,4600
13043,6387
13045,6396
13047,5134
13049,7676
13051,4736
13053,20243
13055,7378
13057,6518
13059,7935
13061,6316
13063,5003
13065,9851
13067,5923
13069,9534
13071,6971
13073,6531
13075,7463
13077,5691
13079,3458
13081,6235
13083,5032
13085,7005
13089,5101
13087,7684
13091,7071
13093,5078
13095,5490
13097,5757
13099,7958
13101,9385
13103,4200
13105,8601
13107,8301
13109,6260
13111,5254
13113,4299
13115,7947
13117,4506
13119,7846
13121,5425
13123,5884
13125,6024
13127,6210
13129,8527
13131,5411
13133,6243
13135,6255
13137,8226
13139,9111
13141,8040
13143,6323
13145,4205
13147,5937
13149,4940
13151,5840
13153,5204
13155,7073
13157,7858
13159,5942
13161,8296
13163,8586
13165,6535
13167,7715
13169,4123
13171,6274
13173,5104
13175,8021
13177,5224
13179,3170
13181,5542
13183,2627
13185,7466
13187,5882
13193,3622
13195,6285
13197,3756
13189,6423
13191,3567
13199,5286
13201,9636
13205,6312
13207,5881
13209,6825
13211,6069
13213,7626
13215,5050
13217,5377
13219,5881
13221,5898
80013,0
13223,5165
13225,5641
13227,5762
13229,8589
13231,7124
13233,8173
13235,5387
13237,6211
13239,4349
13241,6716
13243,6285
13245,7427
13247,4472
13249,4470
13251,4260
13253,8442
13255,5639
13257,8740
13259,10345
13261,5883
13263,4761
13265,3578
13267,6011
13269,6745
13271,5163
13273,6751
13275,6398
13277,8990
13279,8837
13281,6754
13283,7390
13285,7223
13287,8378
13289,5221
90013,0
13291,5976
13293,8579
13295,5954
13297,6056
13299,9215
13301,5443
13303,6881
13305,7170
13307,3413
13309,6238
13311,7055
13313,11418
13315,6844
13317,6535
13319,7147
13321,5739
99999,0
066,4460
15001,953
15003,1871
15007,203
15009,855
80015,0
90015,0
16001,7944
16003,6054
16005,7334
16007,4473
16009,4656
16011,7795
16013,6785
16015,3064
16017,4285
16019,8720
16021,4638
16023,6237
16025,5063
16027,8961
16029,7463
16031,10557
16033,6272
16035,9456
16037,4704
16039,4896
16041,6601
16043,6649
16045,7818
16047,7556
16049,6143
16051,6919
16053,9081
16055,7611
16057,5370
16059,5755
16061,8910
16063,8087
16065,13150
16067,9800
16069,7491
16071,5517
16073,7493
16075,8609
16077,7108
16079,6520
16081,5954
16083,9146
90016,0
16085,4231
16087,9750
17001,9898
17003,5919
17005,9460
17007,9468
17009,6856
17011,8621
17013,8039
17015,9318
17017,13056
17019,6596
17021,8048
17023,7849
17025,9086
17027,11940
17029,8482
17031,7643
17033,8453
17035,8703
17039,5851
17037,6332
17041,9524
17043,6696
17045,7831
17047,6207
17049,11350
17051,12485
17053,9466
17055,8739
17057,6820
17059,6835
17061,8597
17063,7558
17065,7405
17067,7431
17069,5679
17071,5973
17073,7548
17075,8567
17077,6431
17079,9302
17081,7764
17083,9057
17085,6536
17087,7908
17089,7796
17091,9719
17093,6550
17095,8167
17099,7695
17097,6934
17101,12661
17103,7939
17105,8808
17107,9452
17115,7652
17117,7285
17119,8006
17121,9536
17123,5053
17125,7680
17127,6484
17109,6663
17111,6214
17113,6775
17129,5977
17131,6924
17133,9051
17135,7623
17137,8933
17139,8689
17141,8099
80017,0
17143,7351
17145,10446
17147,6399
17149,8964
17151,4692
17153,10496
17155,5558
17157,10458
17159,8438
17161,7762
17165,7509
17167,6790
17169,8023
17171,6604
17173,8287
17163,7335
17175,8405
17177,7285
17179,7914
90017,0
17181,10190
17183,8486
17185,9097
17187,8881
17189,8821
17191,8239
17193,8288
17195,8750
17197,7570
17199,7982
17201,8500
17203,7244
18001,7393
18003,7454
18005,6591
18007,8607
18009,7611
18011,6693
18013,4982
18015,6684
18017,11260
18019,7222
18021,7195
18023,10000
18025,5691
18027,6893
18033,6932
18029,7838
18031,8038
18035,6756
18037,11007
18039,11045
18041,9605
18043,6618
18045,9457
18047,5470
18049,7064
18051,9088
18053,7666
18055,6158
18057,7174
18059,6711
18061,6646
18063,6846
18065,8955
18067,8144
18069,6782
18071,8564
18073,7422
18075,7393
18077,6763
18079,6158
18081,7782
18083,8028
18085,8663
18087,5197
18091,6961
18089,8286
18093,7357
18095,7000
18097,7411
18099,9769
18101,5860
18103,7765
18105,5440
18107,7535
18109,6176
18111,5942
18113,8547
18115,6808
18117,6337
18119,6461
18121,6937
18123,6322
18125,7643
18127,7599
18129,7633
18131,6945
18133,6623
18135,7541
18137,8872
18139,7363
18143,8097
18145,7706
18147,7496
18141,8992
18149,6784
18151,7749
18153,8171
18155,4725
18157,7753
18159,7261
90018,0
18161,7244
18163,8699
18165,8220
18167,8773
18169,8484
18171,6594
18173,8454
18175,5171
18177,8030
18179,6838
18181,9754
18183,7360
19001,8529
19003,7384
19005,8650
19007,7854
19009,6986
19011,7755
19013,9769
19015,7333
19017,9061
19019,6824
19021,18995
19023,8934
19025,12132
19027,11867
19029,8226
19031,7505
19033,10254
19035,11045
19037,8723
19039,7344
19041,9684
19043,7954
19045,8940
19047,12681
19049,8542
19051,7100
19053,5463
19055,9623
19057,9105
19059,9949
19061,10947
19063,11077
19065,7185
19067,8208
19069,9026
19071,6781
19073,7290
19075,8951
19077,8953
19079,10092
19081,11128
19083,8648
19085,10292
19087,12453
19089,7938
19091,10284
19093,10189
19095,7050
19097,9182
19099,7836
19101,5646
19103,7401
19105,12538
19107,7729
19109,10524
19111,8550
19113,7348
19115,9750
19117,6790
19119,10718
19121,5967
19123,7915
19125,8167
19127,10254
19129,8504
19131,9899
19133,6372
19135,8849
19137,7764
19139,8400
19141,11568
19143,10305
19145,9088
19147,9216
19149,13369
19151,10938
19153,8501
19155,8933
19157,6549
19159,7498
19161,10708
19163,8209
19165,8294
19167,12494
19169,8271
19171,10454
19173,8936
90019,0
19175,8447
19177,6473
19179,8990
19181,7453
19183,8618
19185,5961
19187,12408
19189,10662
19191,6933
19193,11967
19195,7153
19197,12179
20001,5521
20003,7559
20005,7889
20007,6573
20009,8646
20011,6680
20013,11051
20015,8209
20017,8987
20019,5815
20021,8846
20023,10688
20025,9779
20027,8085
20029,9833
20031,6394
20033,8823
20035,7628
20037,8897
20039,8171
20041,6899
20043,9710
20045,5301
20047,8577
20049,4505
20051,11315
20053,17354
20055,15032
20057,15413
20059,7183
20061,5813
20063,12708
20065,8299
20067,12755
20069,8734
20071,7711
20073,7873
20075,7404
20077,7983
20079,7862
20081,9173
20083,9030
20085,7888
20087,6333
20089,5244
20091,6589
20093,13210
20095,7885
20097,7191
20099,10159
20101,8273
20103,6259
20105,7326
20107,5503
20109,9878
20111,10254
20115,5898
20117,8808
20113,8356
20119,9918
20121,5491
20123,6706
20125,7276
20127,7188
20129,7769
20131,13234
20133,7677
20135,11745
20137,22085
20139,5241
20141,5700
20143,7380
20145,15777
20147,11176
20149,4720
20151,7485
20153,12292
20155,11356
20157,12467
20159,8598
20161,6623
20163,10833
20165,11297
20167,10603
20169,8394
20171,11403
20173,7869
20175,16487
20177,6744
20179,15390
20181,9210
20183,6028
20185,6737
20187,8025
20189,9589
20191,6100
20193,12009
20195,10524
90020,0
20197,6521
20199,10606
20201,8139
20203,8588
20205,8035
20207,3792
20209,9606
21001,6259
21003,5409
21005,4268
21007,2953
21009,5731
21011,4040
21013,6864
21015,5630
21017,4679
21019,6427
21021,7192
21023,3312
21025,4726
21027,3213
21029,5061
21031,6126
21033,6817
21035,6010
21037,4822
21039,6890
21041,4957
21043,5086
21045,5111
21047,6043
21049,4004
21051,8155
21053,8211
21055,3815
21057,5957
21059,5651
21061,4419
21063,10429
21065,4749
21067,7141
21069,4876
21071,5071
21073,4181
21075,6081
21077,4803
21079,5320
21081,4938
21083,7062
21085,4900
21087,6854
21089,6481
21091,5124
21093,5361
21095,5913
21097,3860
21099,6456
21101,6500
21103,5047
21105,5091
21107,5869
21109,6347
21111,6625
21113,4800
21115,5047
21117,5237
21119,4984
21121,5660
21123,5667
21125,5993
21127,4948
21129,14088
21131,4768
21133,4764
21135,5838
21137,5878
21139,5307
21141,6254
21143,3897
21151,6136
21153,5764
21155,7834
21157,5009
21159,5868
21161,5389
21145,6519
21147,6320
21149,5973
21163,3965
21165,3313
21167,6223
21169,5967
21171,8873
21173,4893
21175,3892
21177,6270
21179,6175
21181,3508
21183,6139
21185,5594
21187,3926
21189,6885
21191,4194
21193,6025
21195,5050
21197,5550
21199,5692
21201,6546
21203,5043
21205,4963
21207,6131
21209,4310
21211,6097
21213,6369
21215,5100
21217,6686
21219,5579
21221,4491
21223,4403
90021,0
21225,6633
21227,7603
21229,7184
21231,6437
21233,5725
21235,7558
21237,4191
21239,4686
22001,8190
22003,9591
22005,6199
22007,6299
22009,6713
22011,5272
22013,9077
22015,7067
22017,7418
22019,6848
22021,9296
22023,5463
22025,8984
22027,6841
22029,7518
22031,6423
22033,5846
22035,13977
22037,12845
22039,7857
22041,10212
22043,6704
22045,6931
22047,8252
22049,8841
22051,7282
22053,7284
22059,7715
22055,6855
22057,6402
22061,7143
22063,6222
22065,11934
22067,8575
22069,7442
22071,5326
22073,9101
80022,0
22075,7363
22077,8826
22079,6369
22081,7829
22083,8667
22085,8641
22087,5010
22089,6849
22091,6977
22093,6271
22095,6183
22097,8007
22099,7119
22101,6241
22103,5879
22105,6706
22107,6299
22109,5667
90022,0
22111,8331
22113,5911
22115,4571
22117,6786
22119,7360
22121,6937
22123,8430
22125,6102
22127,8824
23001,2510
23003,958
23005,2527
23007,1503
23009,1002
23011,1536
23013,937
23015,889
80023,0
23017,1937
23019,1409
23021,697
23023,1084
23025,1485
90023,0
23027,961
23029,1214
23031,2508
24001,7773
24003,4284
24005,4713
24510,5376
24009,2451
24011,4014
24013,3116
24015,3519
24017,3746
24019,4328
24021,4437
24023,5125
24025,3390
24027,3488
24029,3820
24031,4446
24033,6063
24035,3376
24039,7089
24037,2914
24041,3187
90024,0
24043,5582
24045,4586
24047,4250
25001,2533
25003,2326
25005,6131
25009,7405
25011,1821
25013,5635
25015,2382
25017,4691
25021,3862
25023,4661
25025,6786
90025,0
25027,5128
26001,3229
26003,3502
26005,4876
26007,4020
26009,2649
26011,4011
26013,6639
26015,4822
26017,6030
26019,3703
26021,6009
26023,7054
26025,5815
26027,6167
26029,3247
26031,2915
26033,3708
26035,3954
26037,4873
26039,3257
26041,8073
26043,8613
26045,4232
26047,3612
26049,5327
26051,4652
26053,7169
26055,3238
26057,5936
26059,5674
26061,5531
26063,4915
26065,4321
26067,5244
26069,4393
26071,7346
26073,4903
26075,4841
26077,4614
26079,2722
26081,6587
26083,3875
26085,2564
26087,4592
26089,2876
26091,4273
26093,4075
26095,3082
26097,3518
26099,5660
26101,2406
26103,5332
26105,3359
26107,3799
26109,7414
26111,4823
26113,3168
26115,5046
26117,4589
26119,3066
26121,5377
26123,4599
26125,4866
26127,6064
26129,4386
26131,5349
26133,3584
26135,3737
26137,4114
26139,6330
80026,0
26141,4209
26143,4009
26145,6474
26151,3636
26153,2829
26155,4336
26147,4415
26149,5878
26157,5047
90026,0
26159,5343
26161,3727
26163,4855
26165,2943
27001,6439
27003,8117
27005,7785
27007,6084
27009,9508
27011,8695
27013,7449
27015,8041
27017,7234
27019,6136
27021,6474
27023,10805
27025,7333
27027,9596
27029,7450
27031,1903
27033,10905
27035,6931
27037,7057
27039,5612
27041,9126
27043,6672
27045,5268
27047,6578
27049,6601
27051,6530
27053,6815
27055,6370
27057,6495
27059,6493
27061,5964
27063,8033
27065,5655
27067,12451
27069,7933
27071,4464
27073,9104
27075,5140
27077,4064
27079,6750
27081,8051
27083,11176
27087,7164
27089,7230
27091,7976
27085,8561
27093,8091
27095,7717
27097,8728
27099,8289
27101,9214
27103,6048
27105,16320
27107,6431
27109,5880
27111,7176
27113,6409
27115,8357
27117,9587
27119,10196
27121,6133
27123,6743
27125,7620
27127,8622
27129,8874
27131,8236
27133,11003
27135,10544
27139,7392
27141,7871
27143,6868
27137,6298
27145,10520
27147,6854
27149,6843
27151,8525
27153,9025
27155,6627
90027,0
27157,6935
27159,8207
27161,9429
27163,7036
27165,9397
27167,9473
27169,7061
27171,7829
27173,9063
28001,5887
28003,6048
28005,7066
28007,9634
28009,8269
28011,11264
28013,8244
28015,9409
28017,9396
28019,6406
28021,8044
28023,7760
28025,6983
28027,8908
28029,7821
28031,9969
28033,8048
28035,7065
28037,7727
28039,7102
28041,7331
28043,9528
28045,4354
28047,5210
28049,6089
28051,9382
28053,9164
28055,11454
28057,9927
28059,6141
28061,8954
28063,6680
28065,6883
28067,7765
28069,6836
28071,7939
28073,6570
28075,6734
28077,7301
28079,9080
28081,9080
28083,9452
28085,7589
28087,7608
28089,6863
28091,7223
28093,8298
28095,8683
28097,10168
28099,10412
28101,7760
28103,9206
28105,6963
28107,9464
28109,4741
28111,7433
28113,5732
28115,9933
28117,8473
28119,8922
28121,5768
28123,7630
28125,9025
28127,7742
28129,6509
28131,6555
28133,9697
28135,8979
28137,8523
28139,9202
28141,8234
28143,7879
90028,0
28145,9942
28147,7083
28149,6110
28151,9843
28153,8413
28155,8143
28157,6176
28159,10325
28161,8374
28163,7184
29001,6427
29003,6261
29005,5055
29007,7184
29009,5082
29011,6602
29013,5225
29015,6187
29017,7920
29019,7479
29021,6945
29023,6709
29025,6130
29027,8530
29029,6873
29031,8245
29033,7616
29035,6335
29037,5323
29039,3686
29041,4538
29043,6298
29045,5531
29047,2536
29049,6239
29051,9991
29053,8481
29055,7236
29057,4787
29059,4188
29061,5677
29063,6248
29065,4559
29067,4785
29069,7195
29071,6402
29073,4685
29075,9344
29077,6504
29079,6994
29081,7626
29083,6657
29085,4557
29087,7449
29089,6229
29091,5840
29093,4059
29095,3368
29097,8345
29099,6805
29101,6011
29103,3814
29105,7040
29107,6395
29109,6116
29111,5615
29113,6034
29115,3431
29117,6895
29121,6165
29123,10051
29125,5392
29127,8271
29119,7369
29129,3677
29131,7978
29133,8641
29135,9360
29137,6038
29139,4363
29141,7068
29143,9510
29145,6018
29147,10347
29149,5147
29151,8857
29153,4163
29155,8130
29157,9730
29159,9683
29161,5664
29163,7021
29165,2362
29167,5729
29169,4887
29171,4258
29173,6470
29175,6509
29177,4952
29179,3588
29181,5102
29195,8931
29197,4356
29199,4691
29201,8738
29203,5020
29205,5042
29183,6817
29185,4948
29187,9843
29189,6988
29510,5665
29186,7991
29207,6983
29209,5148
29211,10855
29213,6842
29215,5366
90029,0
29217,5349
29219,4676
29221,7270
29223,5204
29225,6218
29227,6060
29229,5992
30001,8134
30003,15391
30005,9025
30007,4713
30009,6358
30011,10782
30013,8153
30015,6583
30017,8656
30019,8165
30021,10751
30023,9266
30025,9416
30027,7782
30029,8529
30031,8138
30033,5723
30035,9626
30037,5237
30039,4794
30041,9942
30043,6357
30045,3836
30047,4829
30049,6998
30051,4321
30053,5450
30057,5918
30055,8593
30059,5961
30061,4025
30063,5338
30065,5698
30067,5275
30069,2053
30071,10773
30073,6547
30075,6064
30077,11436
30079,11513
30081,4921
30083,8099
30085,12631
30087,11491
30089,3632
30091,10788
30093,8686
30095,5631
30097,8402
30099,5075
30101,14210
30103,6178
90030,0
30105,8707
30107,6632
30109,11661
30111,8584
31001,7323
31003,6779
31005,3887
31007,3489
31009,3440
31011,8108
31013,7270
31015,8441
31017,7072
31019,8717
31021,8066
31023,8944
31025,6712
31027,6534
31029,9403
31031,4412
31033,8507
31035,8898
31037,13511
31039,9314
31041,5929
31043,17502
31045,6368
31047,10493
31049,3901
31051,8694
31053,10386
31055,9378
31057,6024
31059,7488
31061,7049
31063,5824
31065,7763
31067,8548
31069,5008
31071,6449
31073,7989
31075,3691
31077,7555
31079,9500
31081,7625
31083,5295
31085,5965
31087,6372
31089,6705
31091,6891
31093,7292
31095,7876
31097,10707
31099,8976
31101,7331
31103,4714
31105,9388
31107,8125
31109,7090
31111,8667
31113,9224
31115,5421
31119,10763
31117,4251
31121,7504
31123,8789
31125,9917
31127,6899
31129,7208
31131,6332
31133,6123
31135,7955
31137,8257
31139,7526
31141,10507
31143,6675
31145,8886
31147,6598
31149,7295
31151,12253
31153,8506
31155,8318
31157,8537
31159,6688
31161,7338
31163,5031
31165,2315
31167,5354
31169,7635
31171,6371
31173,9772
90031,0
31175,5988
31177,7901
31179,9408
31181,7829
31183,3575
31185,9130
32510,8970
32001,5544
32003,7581
32005,4036
32007,7381
32009,3665
32011,1478
32013,4830
32015,7013
32017,5344
32019,3761
32021,4417
32023,4286
32027,12371
32029,1600
90032,0
32031,7583
32033,3956
33001,3154
33003,1850
33005,1659
33007,2097
33009,1253
33011,4226
33013,3165
33015,3524
33017,2670
33019,996
90033,0
34001,4675
34003,5102
34005,4818
34007,5708
34009,2620
34011,5318
34013,5970
34015,4900
34017,6618
34019,3054
34021,5149
34023,5486
34025,5226
34027,4145
34029,5413
34031,8002
34033,4477
34035,3879
34037,3233
90034,0
34039,6620
34041,3778
35001,6055
35003,1644
35005,10875
35006,8539
35007,4388
35009,8369
35011,5549
35013,8082
35015,7844
35017,3411
35019,6488
35021,1280
35023,5764
35025,9499
35027,5329
35028,1476
35029,9996
35031,13845
35033,2720
35035,3210
35037,4022
35039,5945
35041,8254
35045,8315
35047,3156
35043,5634
35049,4930
35051,4967
35053,5764
35055,3526
35057,3136
90035,0
35059,4730
35061,6426
36001,3900
36003,4070
36005,6099
36007,4357
36009,3396
36011,3913
36013,2856
36015,5493
36017,2647
36019,1438
36021,2822
36023,4428
36025,1644
36027,4207
36029,4570
36031,1648
36033,1561
36035,2467
36037,4830
36039,2930
36041,2536
36043,3636
36045,1692
36047,4901
36049,3589
36051,3064
36053,3294
36055,4663
36057,2830
36059,6592
36061,3786
36063,4178
36065,5433
36067,4670
36069,3065
36071,6151
36073,3462
36075,2996
36077,2065
80036,0
36079,5021
36081,5640
36083,2781
36085,7486
36087,8523
36091,2521
36093,3912
36095,1845
36097,2998
36099,2401
36089,2025
36101,3634
36103,6632
36105,4201
36107,3549
36109,2068
36111,3275
90036,0
36113,1953
36115,1428
36117,2927
36119,7298
36121,3565
36123,2095
37001,6133
37003,7099
37005,5728
37007,5755
37009,4455
37011,7643
37013,5392
37015,6354
37017,5632
37019,3082
37021,3520
37023,6846
37025,5156
37027,7108
37029,2622
37031,3919
37033,5131
37035,6957
37037,3900
37039,4393
37041,5888
37043,3276
37045,6814
37047,6537
37049,5019
37051,4142
37053,2337
37055,2766
37057,5190
37059,4929
37061,7195
37063,4607
37065,6269
37067,5399
37069,4572
37071,6909
37073,3087
37075,4679
37077,5906
37079,7280
37081,4560
37083,5796
37085,4381
37087,3427
37089,4547
37091,5697
37093,4993
37095,6603
37097,5153
37099,5141
37101,5526
37103,4321
37105,5681
37107,5789
37109,6245
37113,3904
37115,3663
37117,5918
37111,6700
37119,5624
37121,5847
37123,7065
37125,4828
37127,6448
37129,4093
37131,5399
37133,4410
37135,3398
37137,4148
37139,4537
37141,4340
37143,3958
37145,4168
37147,6337
37149,3474
37151,5601
37153,5866
37155,7533
37157,4869
37159,6346
37161,6470
37163,7731
37165,7242
37167,6895
37169,4397
37171,6171
37173,4848
37175,2666
37177,4208
90037,0
37179,5213
37181,6015
37183,3962
37185,5539
37187,3834
37189,4637
37191,6027
37193,5667
37195,6743
37197,6310
37199,5705
38001,8574
38003,11934
38005,14505
38007,5280
38009,9773
38011,10152
38013,9456
38015,14305
38017,10954
38019,10845
38021,14203
38023,6051
38025,8024
38027,18058
38029,11601
38031,16355
38033,11413
38035,13325
38037,7563
38039,13581
38041,10764
38043,10000
38045,11739
38047,11621
38049,9295
38051,12535
38053,6849
38055,11936
38057,12361
38059,14787
38061,11341
38063,14241
38065,7605
38067,10277
38069,12503
38071,12770
38073,10597
38075,11989
38077,9618
38079,13353
38081,10466
38083,7376
38085,14278
38087,3866
38089,12937
38091,8783
38093,15180
38095,12562
38097,11373
90038,0
38099,15393
38101,12499
38103,10459
38105,10540
069,221
39001,4935
39003,8117
39005,5102
39007,3937
39009,4746
39011,7977
39013,4729
39015,5449
39017,6713
39019,4187
39021,4929
39023,6703
39025,5835
39027,5611
39029,6033
39031,4653
39033,6304
39035,5678
39037,8099
39039,7146
39041,5431
39043,6614
39045,6365
39047,6331
39049,6383
39051,6513
39053,5578
39055,4294
39057,5732
39059,5193
39061,6339
39063,6060
39065,5598
39067,4601
39069,6631
39071,4872
39073,4886
39075,4465
39077,5816
39079,6596
39081,5197
39083,4465
39085,5542
39087,5914
39089,5952
39091,5222
39093,4772
39095,6024
39097,6541
39099,6471
39101,10343
39103,5180
39105,3684
39107,9499
39109,7084
39111,5383
39113,6698
39115,4438
39117,5191
39119,6263
39121,6988
39123,5774
39125,6357
39127,5111
39129,10498
39131,5062
39133,4491
39135,6650
39137,9645
39139,6189
39141,5790
39143,6071
39145,5633
39147,6308
39149,7096
39151,5522
39153,5182
39155,5476
39157,6735
90039,0
39159,6097
39161,6051
39163,3920
39165,6714
39167,5000
39169,5037
39171,6241
39173,6343
39175,7477
40001,8425
40003,16345
40005,9499
40007,5799
40009,8984
40011,6999
40013,8292
40015,9682
40017,7135
40019,5724
40021,7544
40023,7333
40025,5007
40027,6771
40029,8698
40031,5792
40033,7447
40035,10302
40037,5703
40039,10278
40041,6777
40043,8607
40045,8007
40047,8834
40049,8321
40051,6891
40053,8769
40055,6635
40057,7576
40059,9354
40061,6953
40063,6235
40065,9523
40067,7264
40069,7550
40071,7607
40073,8607
40075,6247
40077,5281
40079,7201
40081,6044
40083,5305
40085,8836
40093,9385
40095,6632
40097,6240
40087,8798
40089,8945
40091,6766
40099,8271
40101,9597
40103,8840
40105,6758
40107,11790
40109,7272
40111,6759
40113,6422
40115,8764
80040,0
40117,6503
40119,7193
40121,6895
40123,8188
40125,7648
40127,5632
40129,7061
40131,7101
40133,7502
40135,5963
40137,7020
40139,14792
40141,7503
40143,7386
90040,0
40145,5720
40147,6072
40149,6934
40151,11156
40153,12176
41001,2927
41003,1447
41005,2405
41007,1374
41009,1598
41011,1172
41013,1835
41015,1212
41017,2011
41019,1249
41021,1935
41023,2361
41025,1812
41027,3489
41029,2663
41031,5779
41033,1363
41035,2799
41037,2503
41039,1813
41041,1761
41043,2042
41045,9466
41047,4004
41049,7024
41051,3111
41053,2296
41055,1741
41057,1139
41059,7235
90041,0
41061,3651
41063,1054
41065,3391
41067,2671
41069,1276
41071,2465
42001,4513
42003,4470
42005,5417
42007,5187
42009,6199
42011,5641
42013,6530
42015,5119
42017,4916
42019,5026
42021,6843
42023,3530
42025,4415
42027,5561
42029,3769
42031,5296
42033,5221
42035,5099
42037,4337
42039,5845
42041,4159
42043,5036
42045,5283
42047,4898
42049,4385
42051,5663
42053,4319
42055,5654
42057,4989
42059,4738
42061,6871
42063,4738
42065,4386
42067,5496
42069,4283
42071,5190
42073,5012
42075,6316
42077,5597
42079,5544
42081,5381
42083,4265
42085,5497
42087,7503
42089,3631
42091,4404
42093,6396
42095,5548
42097,5571
42099,3762
42101,5926
42103,2619
42105,3600
42107,5622
42109,4738
42111,6717
42113,2472
42115,2593
42117,4744
90042,0
42119,6544
42121,4756
42123,3906
42125,4391
42127,3635
42129,5574
42131,3015
42133,5251
72001,1814
72003,1847
72005,1710
72007,2627
72009,1379
72011,1861
72013,2165
72015,910
72017,1879
72019,2207
72021,3411
72023,827
72025,2801
72027,2317
72029,2272
72031,3320
72033,3018
72035,1707
72037,1751
72039,2808
72041,1939
72043,1173
72045,2407
72047,2768
72049,1341
72051,3411
72053,1982
72054,2880
72055,754
72057,1038
72059,896
72061,3067
72063,2359
72065,1688
72067,1527
72069,1755
72071,1796
72073,1051
72075,1251
72077,2922
72079,726
72081,1672
72083,1337
72085,2121
72087,2455
72089,1862
72091,2335
72093,976
72095,1618
72097,1391
72099,2401
72101,2703
72103,1909
72105,3078
72107,2245
72888,0
72109,1061
72111,1542
72113,1169
72115,1998
72117,1552
72119,2030
72121,796
72123,1618
72125,946
72127,3474
72129,2623
72131,2274
72133,1098
72135,3046
72137,2994
72139,2743
72999,0
72141,1989
72143,2906
72145,3416
72147,1144
72149,2133
72151,1446
72153,1367
44001,4956
44003,6026
44005,3161
44007,9225
90044,0
44009,3569
45001,5198
45003,5358
45005,5881
45007,5950
45009,6803
45011,6973
45013,4989
45015,4016
45017,5545
45019,5882
45021,5296
45023,6968
45025,5117
45027,5423
45029,5178
45031,6823
45033,7795
45035,5131
45037,5689
45039,6103
45041,7588
45043,6269
45045,7129
45047,5999
45049,5717
45051,5743
45053,4479
45055,5876
45057,5340
45059,5347
45061,7095
45063,5601
45067,6347
45069,7335
45065,4998
45071,7341
45073,6588
45075,5923
45077,8041
45079,6336
45081,4889
45083,6177
45085,5171
90045,0
45087,5677
45089,7287
45091,5412
46003,15049
46005,13596
46007,10549
46009,21402
46011,8498
46013,11395
46015,11836
46017,20897
46019,8447
46021,8357
46023,11967
46025,8377
46027,11549
46029,12324
46031,10988
46033,7489
46035,13744
46037,9900
46039,9469
46041,21435
46043,13077
46045,9636
46047,6762
46049,13614
46051,11712
46053,11517
46055,12269
46057,9831
46059,9777
46061,9006
46063,6856
46065,11542
46067,9600
46069,10146
46071,7834
46073,12866
46075,7419
46077,10892
46079,7970
46081,9886
46083,11091
46085,13752
46091,5268
46087,12226
46089,7608
46093,7874
46095,10431
46097,10153
46099,12932
46101,8135
46102,13592
46103,9841
46105,9947
46107,13934
46109,9467
46111,13011
46115,11025
46117,8779
46119,7979
46121,11417
46123,11560
46125,11569
90046,0
46127,10092
46129,11370
46135,11019
46137,10558
47001,7315
47003,9148
47005,7227
47007,10389
47009,7495
47011,8435
47013,6982
47015,9306
47017,9709
47019,7916
47021,7045
47023,8614
47025,5262
47027,11096
47029,7890
47031,8697
47033,11531
47035,7267
47037,8859
47041,10185
47039,11446
47043,8571
47045,11448
47047,8073
47049,10149
47051,8408
47053,10243
47055,9061
47057,7581
47059,7987
47061,8885
47063,9027
47065,7760
47067,4894
47069,11297
47071,10252
47073,6394
47075,12534
47077,10474
47079,7144
47081,7661
47083,9718
47085,6280
47087,8043
47089,7085
47091,9973
47093,6942
47095,20068
47097,10248
47099,10004
47101,9382
47103,9599
47105,7786
47111,10519
47113,8200
47115,6434
47117,8328
47119,9594
47107,8090
47109,7959
47121,7800
47123,8336
47125,5507
47127,10804
47129,7167
47131,12112
80047,0
47133,9815
47135,10586
47137,11232
47139,6974
47141,10814
47143,9569
47145,8101
47147,9097
47149,8612
47151,9035
47153,7640
47155,9059
47157,7102
47159,10145
47161,6438
47163,6859
47165,8254
47167,8780
47169,19133
90047,0
47171,8085
47173,6113
47175,9281
47177,10647
47179,7901
47181,14496
47183,9214
47185,10009
47187,7509
47189,8624
48001,8338
48003,7661
48005,6568
48007,3134
48009,6570
48011,5829
48013,5743
48015,3452
48017,10271
48019,2487
48021,4296
48023,6098
48025,8223
48027,3647
48029,5773
48031,2380
48033,2752
48035,4308
48037,4353
48039,5758
48041,6337
48043,9594
48045,6080
48047,8459
48049,7386
48051,5080
48053,4078
48055,5576
48057,5650
48059,5744
48061,6977
48063,5888
48065,4994
48067,4342
48069,10544
48071,5992
48073,5890
48075,16739
48077,6828
48079,7185
48081,11603
48083,5113
48085,4773
48087,7226
48089,4736
48091,3994
48093,7429
48095,7703
48097,5577
48099,4734
48101,10872
48103,10673
48105,15011
48107,6118
48109,13127
48111,6340
48113,7335
48115,11227
48123,7172
48117,12477
48119,2832
48121,4416
48125,5879
48127,6183
48129,8175
48131,7923
48133,4509
48135,6944
48137,9472
48141,11785
48139,7174
48143,7086
48145,6931
48147,5296
48149,5121
48151,5770
48153,9856
48155,6060
48157,4475
48159,4111
48161,4737
48163,8879
48165,5741
48167,6349
48169,4286
48171,5283
48173,6458
48175,3682
48177,7870
48179,7721
48181,4874
48183,5585
48185,6256
48187,4179
48189,15422
48191,7928
48193,5826
48195,11428
48197,6534
48199,5954
48201,5084
48203,3833
48205,5685
48207,5567
48209,5158
48211,9243
48213,4441
48215,5946
48217,6082
48219,8279
48221,6422
48223,6096
48225,4928
48227,10710
48229,9169
48231,3718
48233,5697
48235,4622
48237,4734
48239,7493
48241,4227
48243,4749
48245,5457
48247,6365
48249,7040
48251,6333
48253,11666
48255,8172
48257,6834
48259,3050
48261,5198
48263,7480
48265,4524
48267,4726
48269,2205
48271,3926
48273,5622
48275,4366
48283,8869
48277,7956
48279,12859
48281,3509
48285,8390
48287,5667
48289,4452
48291,4824
48293,5474
48295,7021
48297,6979
48299,3055
48301,591
48303,13566
48305,8687
48313,7854
48315,2648
48317,9305
48319,6176
48321,5231
48323,10961
48307,5611
48309,7413
48311,8613
48325,5329
48327,7951
48329,6506
48331,5917
48333,5704
48335,5804
48337,7195
48339,4387
48341,9880
48343,4020
48345,6083
48347,4645
48349,8033
48351,2883
48353,8481
48355,8198
48357,9272
48359,7054
48361,6374
48363,6392
48365,4393
48367,6152
48369,11254
48371,8380
48373,4245
48375,12929
48377,8934
48379,4251
48381,10170
48383,8339
48385,5996
48387,3742
48389,9195
48391,6577
48393,5386
48395,5388
48397,5976
48399,8973
48401,4738
48403,3708
48405,5742
48407,1500
48409,4603
48411,7035
48413,7805
48415,11836
48417,4655
48419,4225
48421,3772
48423,5517
48425,8074
48427,9685
48429,6011
48431,7591
48433,6518
48435,10540
48437,8557
48439,7134
48441,8103
48443,7474
48445,10950
48447,3597
48449,7767
48451,10842
48453,3971
48455,2395
48457,3626
90048,0
48459,4469
48461,7082
48463,7105
48465,9578
48467,4366
48469,6386
48471,8374
48473,3725
48475,6267
48477,4216
48479,9747
48481,5876
48483,7298
48485,8354
48487,10807
48489,8071
48491,3875
48493,4184
48495,6816
48497,6219
48499,4523
48501,8940
48503,7912
48505,7221
48507,7398
49011,7039
49035,9253
49037,9184
49043,7626
49045,6285
90049,0
49049,10569
49051,9374
50001,731
50003,1412
50005,826
50007,1622
50009,1298
50011,1097
50013,843
50015,906
50017,1079
50019,1083
50021,775
90050,0
50023,1513
50025,1113
50027,733
078,1898
51001,5288
51003,2594
51510,4620
51005,5269
51007,2731
51009,4657
51011,4600
51013,3797
51015,4453
51017,4051
51019,3986
51021,7675
51023,3937
51520,5595
51025,4004
51027,4146
51029,8298
51530,7934
51031,3849
51033,3456
51035,5041
51036,2800
51037,3198
51540,4701
51550,3849
51041,3745
51043,2688
51570,3598
51580,6951
51045,2923
51047,5771
51049,1993
51590,5998
51051,4483
51053,3237
51595,7781
51057,3195
51059,3880
51600,1269
51610,1238
51061,3392
51063,3282
51065,2882
51067,4221
51620,8535
51069,4250
51630,3609
51640,13187
51071,3684
51073,2318
51075,2614
51077,5099
51079,2785
51081,8989
51083,3420
51650,3286
51085,3628
51660,8308
51087,3800
51089,5281
51091,2602
51670,3946
51093,4139
51095,2571
51099,2791
51101,2705
51097,2491
51103,3414
51105,6429
51678,8152
51107,3470
51109,2476
51111,2869
51680,5246
51113,2284
51683,7126
51685,5383
51690,8077
51115,3531
51117,4328
51119,2636
51121,5309
51125,2391
51127,2858
51700,3381
51710,3698
51131,3859
51133,3579
51720,4245
51135,7720
51137,2631
51139,4397
51141,4452
51730,4651
51143,4501
51735,2746
51740,4814
51145,2947
51147,4797
51149,4784
51153,5501
51155,4599
51750,8285
51157,2225
51159,9076
51760,4035
51161,4996
51770,5326
51163,2755
51165,4853
51167,5822
51775,4624
51169,5689
51171,5179
51173,6168
51175,6545
51177,3555
51179,3456
51790,6497
51800,4389
51181,3846
51183,6317
51185,5904
90051,0
51810,3773
51187,3376
51191,5690
51820,5422
51193,3880
51830,2407
51840,5926
51195,5486
51197,4647
51199,2183
53001,8141
53003,4246
53005,5720
53007,6283
53009,925
53011,2733
53013,2107
53015,2183
53017,5979
53019,2307
53021,9212
53023,4269
53025,6119
53027,2957
53029,1085
53031,682
53033,2777
53035,1431
53037,3521
53039,2122
53041,3029
53043,2285
53045,2234
53047,4159
53049,2411
53051,3300
53053,2857
53055,420
53057,2553
53059,1572
53061,2723
53063,4893
53065,2585
53067,1640
90053,0
53069,1069
53071,5789
53073,1517
53075,5554
53077,7909
54001,4817
54003,5362
54005,5065
54007,2213
54009,6504
54011,5843
54013,1899
54015,3091
54017,3042
54019,4206
54021,5279
54023,6708
54025,4388
54027,4379
54029,6671
54031,5799
54033,4523
54035,4167
54037,4240
54039,4921
54041,3501
54043,3841
54045,5287
54049,3404
54051,7005
54053,3993
54047,5628
54055,4909
54057,7897
54059,6224
54061,5138
54063,4986
54065,3673
54067,2886
54069,6140
54071,4491
54073,7694
54075,4365
54077,5058
54079,5387
54081,3763
54083,4199
54085,3747
54087,2279
54089,3658
54091,4204
54093,4942
54095,4341
90054,0
54097,3987
54099,4421
54101,1922
54103,4752
54105,3934
54107,6032
54109,5918
55001,7072
55003,6817
55005,10204
55007,6411
55009,10515
55011,7766
55013,7142
55015,10062
55017,9318
55019,8977
55021,7856
55023,9912
55025,6353
55027,12584
55029,7965
55031,8162
55033,8375
55035,9098
55037,9825
55039,10921
55041,10173
55043,8859
55045,6512
55047,9178
55049,7373
55051,9266
55053,11689
55055,8613
55057,9484
55059,8208
55061,10697
55063,9023
55065,8094
55067,10073
55069,9477
55071,8837
55073,9678
55075,9600
55077,8392
55078,15759
55079,9737
55081,7627
55083,10851
55085,8133
55087,9379
55089,7974
55091,9592
55093,8448
55095,7027
55097,8410
55099,7602
55101,9968
55103,6573
55105,8040
55107,8075
55111,7313
55113,7597
55115,11208
55117,10276
55109,7267
55119,8745
55121,10334
90055,0
55123,5152
55125,7528
55127,9087
55129,7061
55131,9724
55133,9216
55135,9386
55137,8472
55139,9963
55141,8286
56001,8922
56003,6683
56005,9030
56007,6391
56009,5809
56011,5116
56013,10106
56015,7645
56017,5211
56019,6133
56021,7080
56023,4639
56025,8113
56027,5942
56029,6922
56031,5242
56033,8341
56035,6072
56037,7004
56039,9111
56041,7702
90056,0
56043,10006
56045,6871
02066,0
02063,0
