id,rate,date
01001,7587,03-14-2021
01003,6192,03-14-2021
01005,6145,03-14-2021
01007,8279,03-14-2021
01009,8115,03-14-2021
01011,8791,03-14-2021
01013,7825,03-14-2021
01015,8436,03-14-2021
01017,7114,03-14-2021
01019,5455,03-14-2021
01021,6761,03-14-2021
01023,3900,03-14-2021
01025,10236,03-14-2021
01027,8689,03-14-2021
01029,6948,03-14-2021
01031,6959,03-14-2021
01033,8509,03-14-2021
01035,6952,03-14-2021
01037,4867,03-14-2021
01039,7911,03-14-2021
01041,6970,03-14-2021
01043,8588,03-14-2021
01045,6855,03-14-2021
01047,7584,03-14-2021
01049,9757,03-14-2021
01051,8055,03-14-2021
01053,7321,03-14-2021
01055,9885,03-14-2021
01057,8839,03-14-2021
01059,10522,03-14-2021
01061,6436,03-14-2021
01063,8371,03-14-2021
01065,10019,03-14-2021
01067,7369,03-14-2021
01069,6961,03-14-2021
01071,10039,03-14-2021
01073,8056,03-14-2021
01075,7714,03-14-2021
01077,7080,03-14-2021
01079,6323,03-14-2021
01081,6350,03-14-2021
01083,6954,03-14-2021
01085,9777,03-14-2021
01087,5584,03-14-2021
01089,6057,03-14-2021
01091,9606,03-14-2021
01093,7108,03-14-2021
01095,9580,03-14-2021
01097,6328,03-14-2021
01099,5913,03-14-2021
01101,7170,03-14-2021
01103,9038,03-14-2021
80001,0,03-14-2021
01105,9850,03-14-2021
01107,8810,03-14-2021
01109,6127,03-14-2021
01111,5554,03-14-2021
01113,4872,03-14-2021
01117,7292,03-14-2021
01115,7347,03-14-2021
01119,6896,03-14-2021
01121,6515,03-14-2021
01123,5903,03-14-2021
01125,8953,03-14-2021
90001,0,03-14-2021
01127,8337,03-14-2021
01129,7344,03-14-2021
01131,8579,03-14-2021
01133,8366,03-14-2021
02013,1168,03-14-2021
02016,3514,03-14-2021
02020,7959,03-14-2021
02050,13205,03-14-2021
02060,0,03-14-2021
02164,3930,03-14-2021
02068,2861,03-14-2021
02070,2481,03-14-2021
02090,5089,03-14-2021
02100,869,03-14-2021
02110,3283,03-14-2021
02122,6178,03-14-2021
02130,1726,03-14-2021
02150,7031,03-14-2021
02158,9225,03-14-2021
02170,5891,03-14-2021
02180,2748,03-14-2021
02185,8197,03-14-2021
02188,5261,03-14-2021
02195,949,03-14-2021
02198,1160,03-14-2021
02220,3179,03-14-2021
02230,1437,03-14-2021
02240,5919,03-14-2021
90002,0,03-14-2021
02261,3749,03-14-2021
02275,999,03-14-2021
02282,8981,03-14-2021
02290,3996,03-14-2021
04001,10563,03-14-2021
04003,6023,03-14-2021
04005,7906,03-14-2021
04007,8426,03-14-2021
04009,8463,03-14-2021
04011,4242,03-14-2021
04012,7215,03-14-2021
04013,7254,03-14-2021
04015,6075,03-14-2021
04017,10420,03-14-2021
80004,0,03-14-2021
04019,6737,03-14-2021
04021,6079,03-14-2021
04023,13080,03-14-2021
90004,0,03-14-2021
04025,4904,03-14-2021
04027,13009,03-14-2021
05001,7571,03-14-2021
05003,6567,03-14-2021
05005,5041,03-14-2021
05007,6575,03-14-2021
05009,6927,03-14-2021
05011,8891,03-14-2021
05013,4605,03-14-2021
05015,7434,03-14-2021
05017,14014,03-14-2021
05019,6218,03-14-2021
05021,9154,03-14-2021
05023,5160,03-14-2021
05025,7252,03-14-2021
05027,6782,03-14-2021
05029,6442,03-14-2021
05031,9223,03-14-2021
05033,7180,03-14-2021
05035,9091,03-14-2021
05037,8672,03-14-2021
05039,6991,03-14-2021
05041,8511,03-14-2021
05043,8030,03-14-2021
05045,6203,03-14-2021
05047,6271,03-14-2021
05049,7173,03-14-2021
05051,5934,03-14-2021
05053,6027,03-14-2021
05055,9846,03-14-2021
05057,5758,03-14-2021
05059,10840,03-14-2021
05061,8430,03-14-2021
05063,7426,03-14-2021
05065,9787,03-14-2021
05067,16932,03-14-2021
05069,10171,03-14-2021
05071,7092,03-14-2021
05073,5208,03-14-2021
05075,9673,03-14-2021
05077,16359,03-14-2021
05079,21713,03-14-2021
05081,6746,03-14-2021
05083,6768,03-14-2021
05085,5776,03-14-2021
05087,6322,03-14-2021
05089,3923,03-14-2021
05091,6433,03-14-2021
05093,10850,03-14-2021
05095,7252,03-14-2021
05097,5653,03-14-2021
05099,7246,03-14-2021
05101,7184,03-14-2021
05103,5957,03-14-2021
05105,4265,03-14-2021
05107,7153,03-14-2021
05109,6540,03-14-2021
05111,10277,03-14-2021
05113,6386,03-14-2021
05115,8715,03-14-2021
05117,6871,03-14-2021
05119,6432,03-14-2021
05121,8202,03-14-2021
05125,6330,03-14-2021
05127,5943,03-14-2021
05129,6471,03-14-2021
05131,7657,03-14-2021
05133,12324,03-14-2021
05135,6639,03-14-2021
05123,11034,03-14-2021
05137,6157,03-14-2021
90005,0,03-14-2021
05139,6522,03-14-2021
05141,4660,03-14-2021
05143,9116,03-14-2021
05145,6213,03-14-2021
05147,5806,03-14-2021
05149,11353,03-14-2021
06001,3139,03-14-2021
06003,5934,03-14-2021
06005,6326,03-14-2021
06007,3378,03-14-2021
06009,2529,03-14-2021
06011,6270,03-14-2021
06013,3528,03-14-2021
06015,2732,03-14-2021
06017,2965,03-14-2021
06019,6650,03-14-2021
06021,5226,03-14-2021
06023,1301,03-14-2021
06025,12412,03-14-2021
06027,3520,03-14-2021
06029,7661,03-14-2021
06031,10536,03-14-2021
06033,2870,03-14-2021
06035,15343,03-14-2021
06037,7875,03-14-2021
06039,6743,03-14-2021
06041,3785,03-14-2021
06043,1482,03-14-2021
06045,2866,03-14-2021
06047,7002,03-14-2021
06049,3653,03-14-2021
06051,6210,03-14-2021
06053,6418,03-14-2021
06055,4211,03-14-2021
06057,2625,03-14-2021
06059,5088,03-14-2021
06061,3453,03-14-2021
06063,2584,03-14-2021
06065,7455,03-14-2021
06067,4240,03-14-2021
06069,5953,03-14-2021
06071,9133,03-14-2021
06073,4660,03-14-2021
06075,2692,03-14-2021
06077,6004,03-14-2021
06079,3831,03-14-2021
06081,3207,03-14-2021
06083,3904,03-14-2021
06085,3722,03-14-2021
06087,3260,03-14-2021
06089,4475,03-14-2021
06091,1564,03-14-2021
06093,2701,03-14-2021
06095,4291,03-14-2021
06097,3869,03-14-2021
06099,6258,03-14-2021
06101,6708,03-14-2021
06103,5058,03-14-2021
06105,2246,03-14-2021
06107,7173,03-14-2021
06109,5437,03-14-2021
90006,0,03-14-2021
06111,4829,03-14-2021
06113,3761,03-14-2021
06115,4955,03-14-2021
08001,7789,03-14-2021
08003,5839,03-14-2021
08005,5838,03-14-2021
08007,3471,03-14-2021
08009,5417,03-14-2021
08011,20190,03-14-2021
08013,4515,03-14-2021
08014,4026,03-14-2021
08015,5266,03-14-2021
08017,4860,03-14-2021
08019,2907,03-14-2021
08021,3875,03-14-2021
08023,4193,03-14-2021
08025,27388,03-14-2021
08027,2920,03-14-2021
08029,5166,03-14-2021
08031,6603,03-14-2021
08033,2530,03-14-2021
08035,4494,03-14-2021
08037,6153,03-14-2021
08041,5768,03-14-2021
08039,3726,03-14-2021
08043,9784,03-14-2021
08045,6520,03-14-2021
08047,2002,03-14-2021
08049,4264,03-14-2021
08051,4088,03-14-2021
08053,1707,03-14-2021
08055,4001,03-14-2021
08057,2370,03-14-2021
08059,5108,03-14-2021
08061,5334,03-14-2021
08063,6171,03-14-2021
08067,3993,03-14-2021
08065,5327,03-14-2021
08069,4267,03-14-2021
08071,3529,03-14-2021
08073,13734,03-14-2021
08075,14498,03-14-2021
08077,5991,03-14-2021
08079,5721,03-14-2021
08081,4087,03-14-2021
08083,4743,03-14-2021
08085,4990,03-14-2021
08087,7348,03-14-2021
08089,9016,03-14-2021
08091,3130,03-14-2021
80008,0,03-14-2021
08093,2037,03-14-2021
08095,6705,03-14-2021
08097,5881,03-14-2021
08099,8273,03-14-2021
08101,7913,03-14-2021
08103,4253,03-14-2021
08105,3488,03-14-2021
08107,4126,03-14-2021
08109,3751,03-14-2021
08111,3708,03-14-2021
08113,4817,03-14-2021
08115,5960,03-14-2021
08117,6910,03-14-2021
08119,3915,03-14-2021
90008,0,03-14-2021
08121,7070,03-14-2021
08123,6194,03-14-2021
08125,5509,03-14-2021
09001,5966,03-14-2021
09003,5234,03-14-2021
09005,4145,03-14-2021
09007,4042,03-14-2021
09009,5542,03-14-2021
09011,4003,03-14-2021
09013,3251,03-14-2021
90009,0,03-14-2021
09015,4401,03-14-2021
10001,5160,03-14-2021
10003,5983,03-14-2021
10005,6474,03-14-2021
90010,0,03-14-2021
88888,0,03-14-2021
11001,4144,03-14-2021
12001,5897,03-14-2021
12003,8456,03-14-2021
12005,6815,03-14-2021
12007,7730,03-14-2021
12009,3494,03-14-2021
12011,7046,03-14-2021
12013,8741,03-14-2021
12015,3922,03-14-2021
12017,4452,03-14-2021
12019,5136,03-14-2021
12021,5847,03-14-2021
12023,8379,03-14-2021
12027,7626,03-14-2021
12029,6626,03-14-2021
12031,6402,03-14-2021
12033,7021,03-14-2021
12035,3235,03-14-2021
12037,7422,03-14-2021
12039,8734,03-14-2021
12041,5456,03-14-2021
12043,5568,03-14-2021
12045,9773,03-14-2021
12047,8850,03-14-2021
12049,7833,03-14-2021
12051,7831,03-14-2021
12053,3783,03-14-2021
12055,4683,03-14-2021
12057,5239,03-14-2021
12059,8579,03-14-2021
12061,4298,03-14-2021
12063,10016,03-14-2021
12065,6977,03-14-2021
12067,16884,03-14-2021
12069,4238,03-14-2021
12071,5273,03-14-2021
12073,6667,03-14-2021
12075,4459,03-14-2021
12077,8977,03-14-2021
12079,8327,03-14-2021
12081,5537,03-14-2021
12083,4868,03-14-2021
12085,4868,03-14-2021
12086,11000,03-14-2021
12087,5693,03-14-2021
12089,5387,03-14-2021
12091,6100,03-14-2021
12093,5762,03-14-2021
12095,5486,03-14-2021
12097,6744,03-14-2021
12099,5537,03-14-2021
12101,3959,03-14-2021
12103,4612,03-14-2021
12105,5160,03-14-2021
12107,5354,03-14-2021
12113,6065,03-14-2021
12115,4289,03-14-2021
12117,3832,03-14-2021
12109,4938,03-14-2021
12111,4349,03-14-2021
12119,3840,03-14-2021
12121,9039,03-14-2021
12123,9119,03-14-2021
90012,0,03-14-2021
12125,9444,03-14-2021
12127,4028,03-14-2021
12129,6242,03-14-2021
12131,6603,03-14-2021
12133,7737,03-14-2021
13001,9180,03-14-2021
13003,9528,03-14-2021
13005,9136,03-14-2021
13007,5464,03-14-2021
13009,7226,03-14-2021
13011,6472,03-14-2021
13013,6526,03-14-2021
13015,7482,03-14-2021
13017,8934,03-14-2021
13019,5902,03-14-2021
13021,6692,03-14-2021
13023,7892,03-14-2021
13025,5515,03-14-2021
13027,6469,03-14-2021
13029,4953,03-14-2021
13031,5594,03-14-2021
13033,7094,03-14-2021
13035,6945,03-14-2021
13037,5994,03-14-2021
13039,4600,03-14-2021
13043,6387,03-14-2021
13045,6396,03-14-2021
13047,5134,03-14-2021
13049,7676,03-14-2021
13051,4736,03-14-2021
13053,20243,03-14-2021
13055,7378,03-14-2021
13057,6518,03-14-2021
13059,7935,03-14-2021
13061,6316,03-14-2021
13063,5003,03-14-2021
13065,9851,03-14-2021
13067,5923,03-14-2021
13069,9534,03-14-2021
13071,6971,03-14-2021
13073,6531,03-14-2021
13075,7463,03-14-2021
13077,5691,03-14-2021
13079,3458,03-14-2021
13081,6235,03-14-2021
13083,5032,03-14-2021
13085,7005,03-14-2021
13089,5101,03-14-2021
13087,7684,03-14-2021
13091,7071,03-14-2021
13093,5078,03-14-2021
13095,5490,03-14-2021
13097,5757,03-14-2021
13099,7958,03-14-2021
13101,9385,03-14-2021
13103,4200,03-14-2021
13105,8601,03-14-2021
13107,8301,03-14-2021
13109,6260,03-14-2021
13111,5254,03-14-2021
13113,4299,03-14-2021
13115,7947,03-14-2021
13117,4506,03-14-2021
13119,7846,03-14-2021
13121,5425,03-14-2021
13123,5884,03-14-2021
13125,6024,03-14-2021
13127,6210,03-14-2021
13129,8527,03-14-2021
13131,5411,03-14-2021
13133,6243,03-14-2021
13135,6255,03-14-2021
13137,8226,03-14-2021
13139,9111,03-14-2021
13141,8040,03-14-2021
13143,6323,03-14-2021
13145,4205,03-14-2021
13147,5937,03-14-2021
13149,4940,03-14-2021
13151,5840,03-14-2021
13153,5204,03-14-2021
13155,7073,03-14-2021
13157,7858,03-14-2021
13159,5942,03-14-2021
13161,8296,03-14-2021
13163,8586,03-14-2021
13165,6535,03-14-2021
13167,7715,03-14-2021
13169,4123,03-14-2021
13171,6274,03-14-2021
13173,5104,03-14-2021
13175,8021,03-14-2021
13177,5224,03-14-2021
13179,3170,03-14-2021
13181,5542,03-14-2021
13183,2627,03-14-2021
13185,7466,03-14-2021
13187,5882,03-14-2021
13193,3622,03-14-2021
13195,6285,03-14-2021
13197,3756,03-14-2021
13189,6423,03-14-2021
13191,3567,03-14-2021
13199,5286,03-14-2021
13201,9636,03-14-2021
13205,6312,03-14-2021
13207,5881,03-14-2021
13209,6825,03-14-2021
13211,6069,03-14-2021
13213,7626,03-14-2021
13215,5050,03-14-2021
13217,5377,03-14-2021
13219,5881,03-14-2021
13221,5898,03-14-2021
80013,0,03-14-2021
13223,5165,03-14-2021
13225,5641,03-14-2021
13227,5762,03-14-2021
13229,8589,03-14-2021
13231,7124,03-14-2021
13233,8173,03-14-2021
13235,5387,03-14-2021
13237,6211,03-14-2021
13239,4349,03-14-2021
13241,6716,03-14-2021
13243,6285,03-14-2021
13245,7427,03-14-2021
13247,4472,03-14-2021
13249,4470,03-14-2021
13251,4260,03-14-2021
13253,8442,03-14-2021
13255,5639,03-14-2021
13257,8740,03-14-2021
13259,10345,03-14-2021
13261,5883,03-14-2021
13263,4761,03-14-2021
13265,3578,03-14-2021
13267,6011,03-14-2021
13269,6745,03-14-2021
13271,5163,03-14-2021
13273,6751,03-14-2021
13275,6398,03-14-2021
13277,8990,03-14-2021
13279,8837,03-14-2021
13281,6754,03-14-2021
13283,7390,03-14-2021
13285,7223,03-14-2021
13287,8378,03-14-2021
13289,5221,03-14-2021
90013,0,03-14-2021
13291,5976,03-14-2021
13293,8579,03-14-2021
13295,5954,03-14-2021
13297,6056,03-14-2021
13299,9215,03-14-2021
13301,5443,03-14-2021
13303,6881,03-14-2021
13305,7170,03-14-2021
13307,3413,03-14-2021
13309,6238,03-14-2021
13311,7055,03-14-2021
13313,11418,03-14-2021
13315,6844,03-14-2021
13317,6535,03-14-2021
13319,7147,03-14-2021
13321,5739,03-14-2021
99999,0,03-14-2021
066,4460,03-14-2021
15001,953,03-14-2021
15003,1871,03-14-2021
15007,203,03-14-2021
15009,855,03-14-2021
80015,0,03-14-2021
90015,0,03-14-2021
16001,7944,03-14-2021
16003,6054,03-14-2021
16005,7334,03-14-2021
16007,4473,03-14-2021
16009,4656,03-14-2021
16011,7795,03-14-2021
16013,6785,03-14-2021
16015,3064,03-14-2021
16017,4285,03-14-2021
16019,8720,03-14-2021
16021,4638,03-14-2021
16023,6237,03-14-2021
16025,5063,03-14-2021
16027,8961,03-14-2021
16029,7463,03-14-2021
16031,10557,03-14-2021
16033,6272,03-14-2021
16035,9456,03-14-2021
16037,4704,03-14-2021
16039,4896,03-14-2021
16041,6601,03-14-2021
16043,6649,03-14-2021
16045,7818,03-14-2021
16047,7556,03-14-2021
16049,6143,03-14-2021
16051,6919,03-14-2021
16053,9081,03-14-2021
16055,7611,03-14-2021
16057,5370,03-14-2021
16059,5755,03-14-2021
16061,8910,03-14-2021
16063,8087,03-14-2021
16065,13150,03-14-2021
16067,9800,03-14-2021
16069,7491,03-14-2021
16071,5517,03-14-2021
16073,7493,03-14-2021
16075,8609,03-14-2021
16077,7108,03-14-2021
16079,6520,03-14-2021
16081,5954,03-14-2021
16083,9146,03-14-2021
90016,0,03-14-2021
16085,4231,03-14-2021
16087,9750,03-14-2021
17001,9898,03-14-2021
17003,5919,03-14-2021
17005,9460,03-14-2021
17007,9468,03-14-2021
17009,6856,03-14-2021
17011,8621,03-14-2021
17013,8039,03-14-2021
17015,9318,03-14-2021
17017,13056,03-14-2021
17019,6596,03-14-2021
17021,8048,03-14-2021
17023,7849,03-14-2021
17025,9086,03-14-2021
17027,11940,03-14-2021
17029,8482,03-14-2021
17031,7643,03-14-2021
17033,8453,03-14-2021
17035,8703,03-14-2021
17039,5851,03-14-2021
17037,6332,03-14-2021
17041,9524,03-14-2021
17043,6696,03-14-2021
17045,7831,03-14-2021
17047,6207,03-14-2021
17049,11350,03-14-2021
17051,12485,03-14-2021
17053,9466,03-14-2021
17055,8739,03-14-2021
17057,6820,03-14-2021
17059,6835,03-14-2021
17061,8597,03-14-2021
17063,7558,03-14-2021
17065,7405,03-14-2021
17067,7431,03-14-2021
17069,5679,03-14-2021
17071,5973,03-14-2021
17073,7548,03-14-2021
17075,8567,03-14-2021
17077,6431,03-14-2021
17079,9302,03-14-2021
17081,7764,03-14-2021
17083,9057,03-14-2021
17085,6536,03-14-2021
17087,7908,03-14-2021
17089,7796,03-14-2021
17091,9719,03-14-2021
17093,6550,03-14-2021
17095,8167,03-14-2021
17099,7695,03-14-2021
17097,6934,03-14-2021
17101,12661,03-14-2021
17103,7939,03-14-2021
17105,8808,03-14-2021
17107,9452,03-14-2021
17115,7652,03-14-2021
17117,7285,03-14-2021
17119,8006,03-14-2021
17121,9536,03-14-2021
17123,5053,03-14-2021
17125,7680,03-14-2021
17127,6484,03-14-2021
17109,6663,03-14-2021
17111,6214,03-14-2021
17113,6775,03-14-2021
17129,5977,03-14-2021
17131,6924,03-14-2021
17133,9051,03-14-2021
17135,7623,03-14-2021
17137,8933,03-14-2021
17139,8689,03-14-2021
17141,8099,03-14-2021
80017,0,03-14-2021
17143,7351,03-14-2021
17145,10446,03-14-2021
17147,6399,03-14-2021
17149,8964,03-14-2021
17151,4692,03-14-2021
17153,10496,03-14-2021
17155,5558,03-14-2021
17157,10458,03-14-2021
17159,8438,03-14-2021
17161,7762,03-14-2021
17165,7509,03-14-2021
17167,6790,03-14-2021
17169,8023,03-14-2021
17171,6604,03-14-2021
17173,8287,03-14-2021
17163,7335,03-14-2021
17175,8405,03-14-2021
17177,7285,03-14-2021
17179,7914,03-14-2021
90017,0,03-14-2021
17181,10190,03-14-2021
17183,8486,03-14-2021
17185,9097,03-14-2021
17187,8881,03-14-2021
17189,8821,03-14-2021
17191,8239,03-14-2021
17193,8288,03-14-2021
17195,8750,03-14-2021
17197,7570,03-14-2021
17199,7982,03-14-2021
17201,8500,03-14-2021
17203,7244,03-14-2021
18001,7393,03-14-2021
18003,7454,03-14-2021
18005,6591,03-14-2021
18007,8607,03-14-2021
18009,7611,03-14-2021
18011,6693,03-14-2021
18013,4982,03-14-2021
18015,6684,03-14-2021
18017,11260,03-14-2021
18019,7222,03-14-2021
18021,7195,03-14-2021
18023,10000,03-14-2021
18025,5691,03-14-2021
18027,6893,03-14-2021
18033,6932,03-14-2021
18029,7838,03-14-2021
18031,8038,03-14-2021
18035,6756,03-14-2021
18037,11007,03-14-2021
18039,11045,03-14-2021
18041,9605,03-14-2021
18043,6618,03-14-2021
18045,9457,03-14-2021
18047,5470,03-14-2021
18049,7064,03-14-2021
18051,9088,03-14-2021
18053,7666,03-14-2021
18055,6158,03-14-2021
18057,7174,03-14-2021
18059,6711,03-14-2021
18061,6646,03-14-2021
18063,6846,03-14-2021
18065,8955,03-14-2021
18067,8144,03-14-2021
18069,6782,03-14-2021
18071,8564,03-14-2021
18073,7422,03-14-2021
18075,7393,03-14-2021
18077,6763,03-14-2021
18079,6158,03-14-2021
18081,7782,03-14-2021
18083,8028,03-14-2021
18085,8663,03-14-2021
18087,5197,03-14-2021
18091,6961,03-14-2021
18089,8286,03-14-2021
18093,7357,03-14-2021
18095,7000,03-14-2021
18097,7411,03-14-2021
18099,9769,03-14-2021
18101,5860,03-14-2021
18103,7765,03-14-2021
18105,5440,03-14-2021
18107,7535,03-14-2021
18109,6176,03-14-2021
18111,5942,03-14-2021
18113,8547,03-14-2021
18115,6808,03-14-2021
18117,6337,03-14-2021
18119,6461,03-14-2021
18121,6937,03-14-2021
18123,6322,03-14-2021
18125,7643,03-14-2021
18127,7599,03-14-2021
18129,7633,03-14-2021
18131,6945,03-14-2021
18133,6623,03-14-2021
18135,7541,03-14-2021
18137,8872,03-14-2021
18139,7363,03-14-2021
18143,8097,03-14-2021
18145,7706,03-14-2021
18147,7496,03-14-2021
18141,8992,03-14-2021
18149,6784,03-14-2021
18151,7749,03-14-2021
18153,8171,03-14-2021
18155,4725,03-14-2021
18157,7753,03-14-2021
18159,7261,03-14-2021
90018,0,03-14-2021
18161,7244,03-14-2021
18163,8699,03-14-2021
18165,8220,03-14-2021
18167,8773,03-14-2021
18169,8484,03-14-2021
18171,6594,03-14-2021
18173,8454,03-14-2021
18175,5171,03-14-2021
18177,8030,03-14-2021
18179,6838,03-14-2021
18181,9754,03-14-2021
18183,7360,03-14-2021
19001,8529,03-14-2021
19003,7384,03-14-2021
19005,8650,03-14-2021
19007,7854,03-14-2021
19009,6986,03-14-2021
19011,7755,03-14-2021
19013,9769,03-14-2021
19015,7333,03-14-2021
19017,9061,03-14-2021
19019,6824,03-14-2021
19021,18995,03-14-2021
19023,8934,03-14-2021
19025,12132,03-14-2021
19027,11867,03-14-2021
19029,8226,03-14-2021
19031,7505,03-14-2021
19033,10254,03-14-2021
19035,11045,03-14-2021
19037,8723,03-14-2021
19039,7344,03-14-2021
19041,9684,03-14-2021
19043,7954,03-14-2021
19045,8940,03-14-2021
19047,12681,03-14-2021
19049,8542,03-14-2021
19051,7100,03-14-2021
19053,5463,03-14-2021
19055,9623,03-14-2021
19057,9105,03-14-2021
19059,9949,03-14-2021
19061,10947,03-14-2021
19063,11077,03-14-2021
19065,7185,03-14-2021
19067,8208,03-14-2021
19069,9026,03-14-2021
19071,6781,03-14-2021
19073,7290,03-14-2021
19075,8951,03-14-2021
19077,8953,03-14-2021
19079,10092,03-14-2021
19081,11128,03-14-2021
19083,8648,03-14-2021
19085,10292,03-14-2021
19087,12453,03-14-2021
19089,7938,03-14-2021
19091,10284,03-14-2021
19093,10189,03-14-2021
19095,7050,03-14-2021
19097,9182,03-14-2021
19099,7836,03-14-2021
19101,5646,03-14-2021
19103,7401,03-14-2021
19105,12538,03-14-2021
19107,7729,03-14-2021
19109,10524,03-14-2021
19111,8550,03-14-2021
19113,7348,03-14-2021
19115,9750,03-14-2021
19117,6790,03-14-2021
19119,10718,03-14-2021
19121,5967,03-14-2021
19123,7915,03-14-2021
19125,8167,03-14-2021
19127,10254,03-14-2021
19129,8504,03-14-2021
19131,9899,03-14-2021
19133,6372,03-14-2021
19135,8849,03-14-2021
19137,7764,03-14-2021
19139,8400,03-14-2021
19141,11568,03-14-2021
19143,10305,03-14-2021
19145,9088,03-14-2021
19147,9216,03-14-2021
19149,13369,03-14-2021
19151,10938,03-14-2021
19153,8501,03-14-2021
19155,8933,03-14-2021
19157,6549,03-14-2021
19159,7498,03-14-2021
19161,10708,03-14-2021
19163,8209,03-14-2021
19165,8294,03-14-2021
19167,12494,03-14-2021
19169,8271,03-14-2021
19171,10454,03-14-2021
19173,8936,03-14-2021
90019,0,03-14-2021
19175,8447,03-14-2021
19177,6473,03-14-2021
19179,8990,03-14-2021
19181,7453,03-14-2021
19183,8618,03-14-2021
19185,5961,03-14-2021
19187,12408,03-14-2021
19189,10662,03-14-2021
19191,6933,03-14-2021
19193,11967,03-14-2021
19195,7153,03-14-2021
19197,12179,03-14-2021
20001,5521,03-14-2021
20003,7559,03-14-2021
20005,7889,03-14-2021
20007,6573,03-14-2021
20009,8646,03-14-2021
20011,6680,03-14-2021
20013,11051,03-14-2021
20015,8209,03-14-2021
20017,8987,03-14-2021
20019,5815,03-14-2021
20021,8846,03-14-2021
20023,10688,03-14-2021
20025,9779,03-14-2021
20027,8085,03-14-2021
20029,9833,03-14-2021
20031,6394,03-14-2021
20033,8823,03-14-2021
20035,7628,03-14-2021
20037,8897,03-14-2021
20039,8171,03-14-2021
20041,6899,03-14-2021
20043,9710,03-14-2021
20045,5301,03-14-2021
20047,8577,03-14-2021
20049,4505,03-14-2021
20051,11315,03-14-2021
20053,17354,03-14-2021
20055,15032,03-14-2021
20057,15413,03-14-2021
20059,7183,03-14-2021
20061,5813,03-14-2021
20063,12708,03-14-2021
20065,8299,03-14-2021
20067,12755,03-14-2021
20069,8734,03-14-2021
20071,7711,03-14-2021
20073,7873,03-14-2021
20075,7404,03-14-2021
20077,7983,03-14-2021
20079,7862,03-14-2021
20081,9173,03-14-2021
20083,9030,03-14-2021
20085,7888,03-14-2021
20087,6333,03-14-2021
20089,5244,03-14-2021
20091,6589,03-14-2021
20093,13210,03-14-2021
20095,7885,03-14-2021
20097,7191,03-14-2021
20099,10159,03-14-2021
20101,8273,03-14-2021
20103,6259,03-14-2021
20105,7326,03-14-2021
20107,5503,03-14-2021
20109,9878,03-14-2021
20111,10254,03-14-2021
20115,5898,03-14-2021
20117,8808,03-14-2021
20113,8356,03-14-2021
20119,9918,03-14-2021
20121,5491,03-14-2021
20123,6706,03-14-2021
20125,7276,03-14-2021
20127,7188,03-14-2021
20129,7769,03-14-2021
20131,13234,03-14-2021
20133,7677,03-14-2021
20135,11745,03-14-2021
20137,22085,03-14-2021
20139,5241,03-14-2021
20141,5700,03-14-2021
20143,7380,03-14-2021
20145,15777,03-14-2021
20147,11176,03-14-2021
20149,4720,03-14-2021
20151,7485,03-14-2021
20153,12292,03-14-2021
20155,11356,03-14-2021
20157,12467,03-14-2021
20159,8598,03-14-2021
20161,6623,03-14-2021
20163,10833,03-14-2021
20165,11297,03-14-2021
20167,10603,03-14-2021
20169,8394,03-14-2021
20171,11403,03-14-2021
20173,7869,03-14-2021
20175,16487,03-14-2021
20177,6744,03-14-2021
20179,15390,03-14-2021
20181,9210,03-14-2021
20183,6028,03-14-2021
20185,6737,03-14-2021
20187,8025,03-14-2021
20189,9589,03-14-2021
20191,6100,03-14-2021
20193,12009,03-14-2021
20195,10524,03-14-2021
90020,0,03-14-2021
20197,6521,03-14-2021
20199,10606,03-14-2021
20201,8139,03-14-2021
20203,8588,03-14-2021
20205,8035,03-14-2021
20207,3792,03-14-2021
20209,9606,03-14-2021
21001,6259,03-14-2021
21003,5409,03-14-2021
21005,4268,03-14-2021
21007,2953,03-14-2021
21009,5731,03-14-2021
21011,4040,03-14-2021
21013,6864,03-14-2021
21015,5630,03-14-2021
21017,4679,03-14-2021
21019,6427,03-14-2021
21021,7192,03-14-2021
21023,3312,03-14-2021
21025,4726,03-14-2021
21027,3213,03-14-2021
21029,5061,03-14-2021
21031,6126,03-14-2021
21033,6817,03-14-2021
21035,6010,03-14-2021
21037,4822,03-14-2021
21039,6890,03-14-2021
21041,4957,03-14-2021
21043,5086,03-14-2021
21045,5111,03-14-2021
21047,6043,03-14-2021
21049,4004,03-14-2021
21051,8155,03-14-2021
21053,8211,03-14-2021
21055,3815,03-14-2021
21057,5957,03-14-2021
21059,5651,03-14-2021
21061,4419,03-14-2021
21063,10429,03-14-2021
21065,4749,03-14-2021
21067,7141,03-14-2021
21069,4876,03-14-2021
21071,5071,03-14-2021
21073,4181,03-14-2021
21075,6081,03-14-2021
21077,4803,03-14-2021
21079,5320,03-14-2021
21081,4938,03-14-2021
21083,7062,03-14-2021
21085,4900,03-14-2021
21087,6854,03-14-2021
21089,6481,03-14-2021
21091,5124,03-14-2021
21093,5361,03-14-2021
21095,5913,03-14-2021
21097,3860,03-14-2021
21099,6456,03-14-2021
21101,6500,03-14-2021
21103,5047,03-14-2021
21105,5091,03-14-2021
21107,5869,03-14-2021
21109,6347,03-14-2021
21111,6625,03-14-2021
21113,4800,03-14-2021
21115,5047,03-14-2021
21117,5237,03-14-2021
21119,4984,03-14-2021
21121,5660,03-14-2021
21123,5667,03-14-2021
21125,5993,03-14-2021
21127,4948,03-14-2021
21129,14088,03-14-2021
21131,4768,03-14-2021
21133,4764,03-14-2021
21135,5838,03-14-2021
21137,5878,03-14-2021
21139,5307,03-14-2021
21141,6254,03-14-2021
21143,3897,03-14-2021
21151,6136,03-14-2021
21153,5764,03-14-2021
21155,7834,03-14-2021
21157,5009,03-14-2021
21159,5868,03-14-2021
21161,5389,03-14-2021
21145,6519,03-14-2021
21147,6320,03-14-2021
21149,5973,03-14-2021
21163,3965,03-14-2021
21165,3313,03-14-2021
21167,6223,03-14-2021
21169,5967,03-14-2021
21171,8873,03-14-2021
21173,4893,03-14-2021
21175,3892,03-14-2021
21177,6270,03-14-2021
21179,6175,03-14-2021
21181,3508,03-14-2021
21183,6139,03-14-2021
21185,5594,03-14-2021
21187,3926,03-14-2021
21189,6885,03-14-2021
21191,4194,03-14-2021
21193,6025,03-14-2021
21195,5050,03-14-2021
21197,5550,03-14-2021
21199,5692,03-14-2021
21201,6546,03-14-2021
21203,5043,03-14-2021
21205,4963,03-14-2021
21207,6131,03-14-2021
21209,4310,03-14-2021
21211,6097,03-14-2021
21213,6369,03-14-2021
21215,5100,03-14-2021
21217,6686,03-14-2021
21219,5579,03-14-2021
21221,4491,03-14-2021
21223,4403,03-14-2021
90021,0,03-14-2021
21225,6633,03-14-2021
21227,7603,03-14-2021
21229,7184,03-14-2021
21231,6437,03-14-2021
21233,5725,03-14-2021
21235,7558,03-14-2021
21237,4191,03-14-2021
21239,4686,03-14-2021
22001,8190,03-14-2021
22003,9591,03-14-2021
22005,6199,03-14-2021
22007,6299,03-14-2021
22009,6713,03-14-2021
22011,5272,03-14-2021
22013,9077,03-14-2021
22015,7067,03-14-2021
22017,7418,03-14-2021
22019,6848,03-14-2021
22021,9296,03-14-2021
22023,5463,03-14-2021
22025,8984,03-14-2021
22027,6841,03-14-2021
22029,7518,03-14-2021
22031,6423,03-14-2021
22033,5846,03-14-2021
22035,13977,03-14-2021
22037,12845,03-14-2021
22039,7857,03-14-2021
22041,10212,03-14-2021
22043,6704,03-14-2021
22045,6931,03-14-2021
22047,8252,03-14-2021
22049,8841,03-14-2021
22051,7282,03-14-2021
22053,7284,03-14-2021
22059,7715,03-14-2021
22055,6855,03-14-2021
22057,6402,03-14-2021
22061,7143,03-14-2021
22063,6222,03-14-2021
22065,11934,03-14-2021
22067,8575,03-14-2021
22069,7442,03-14-2021
22071,5326,03-14-2021
22073,9101,03-14-2021
80022,0,03-14-2021
22075,7363,03-14-2021
22077,8826,03-14-2021
22079,6369,03-14-2021
22081,7829,03-14-2021
22083,8667,03-14-2021
22085,8641,03-14-2021
22087,5010,03-14-2021
22089,6849,03-14-2021
22091,6977,03-14-2021
22093,6271,03-14-2021
22095,6183,03-14-2021
22097,8007,03-14-2021
22099,7119,03-14-2021
22101,6241,03-14-2021
22103,5879,03-14-2021
22105,6706,03-14-2021
22107,6299,03-14-2021
22109,5667,03-14-2021
90022,0,03-14-2021
22111,8331,03-14-2021
22113,5911,03-14-2021
22115,4571,03-14-2021
22117,6786,03-14-2021
22119,7360,03-14-2021
22121,6937,03-14-2021
22123,8430,03-14-2021
22125,6102,03-14-2021
22127,8824,03-14-2021
23001,2510,03-14-2021
23003,958,03-14-2021
23005,2527,03-14-2021
23007,1503,03-14-2021
23009,1002,03-14-2021
23011,1536,03-14-2021
23013,937,03-14-2021
23015,889,03-14-2021
80023,0,03-14-2021
23017,1937,03-14-2021
23019,1409,03-14-2021
23021,697,03-14-2021
23023,1084,03-14-2021
23025,1485,03-14-2021
90023,0,03-14-2021
23027,961,03-14-2021
23029,1214,03-14-2021
23031,2508,03-14-2021
24001,7773,03-14-2021
24003,4284,03-14-2021
24005,4713,03-14-2021
24510,5376,03-14-2021
24009,2451,03-14-2021
24011,4014,03-14-2021
24013,3116,03-14-2021
24015,3519,03-14-2021
24017,3746,03-14-2021
24019,4328,03-14-2021
24021,4437,03-14-2021
24023,5125,03-14-2021
24025,3390,03-14-2021
24027,3488,03-14-2021
24029,3820,03-14-2021
24031,4446,03-14-2021
24033,6063,03-14-2021
24035,3376,03-14-2021
24039,7089,03-14-2021
24037,2914,03-14-2021
24041,3187,03-14-2021
90024,0,03-14-2021
24043,5582,03-14-2021
24045,4586,03-14-2021
24047,4250,03-14-2021
25001,2533,03-14-2021
25003,2326,03-14-2021
25005,6131,03-14-2021
25009,7405,03-14-2021
25011,1821,03-14-2021
25013,5635,03-14-2021
25015,2382,03-14-2021
25017,4691,03-14-2021
25021,3862,03-14-2021
25023,4661,03-14-2021
25025,6786,03-14-2021
90025,0,03-14-2021
25027,5128,03-14-2021
26001,3229,03-14-2021
26003,3502,03-14-2021
26005,4876,03-14-2021
26007,4020,03-14-2021
26009,2649,03-14-2021
26011,4011,03-14-2021
26013,6639,03-14-2021
26015,4822,03-14-2021
26017,6030,03-14-2021
26019,3703,03-14-2021
26021,6009,03-14-2021
26023,7054,03-14-2021
26025,5815,03-14-2021
26027,6167,03-14-2021
26029,3247,03-14-2021
26031,2915,03-14-2021
26033,3708,03-14-2021
26035,3954,03-14-2021
26037,4873,03-14-2021
26039,3257,03-14-2021
26041,8073,03-14-2021
26043,8613,03-14-2021
26045,4232,03-14-2021
26047,3612,03-14-2021
26049,5327,03-14-2021
26051,4652,03-14-2021
26053,7169,03-14-2021
26055,3238,03-14-2021
26057,5936,03-14-2021
26059,5674,03-14-2021
26061,5531,03-14-2021
26063,4915,03-14-2021
26065,4321,03-14-2021
26067,5244,03-14-2021
26069,4393,03-14-2021
26071,7346,03-14-2021
26073,4903,03-14-2021
26075,4841,03-14-2021
26077,4614,03-14-2021
26079,2722,03-14-2021
26081,6587,03-14-2021
26083,3875,03-14-2021
26085,2564,03-14-2021
26087,4592,03-14-2021
26089,2876,03-14-2021
26091,4273,03-14-2021
26093,4075,03-14-2021
26095,3082,03-14-2021
26097,3518,03-14-2021
26099,5660,03-14-2021
26101,2406,03-14-2021
26103,5332,03-14-2021
26105,3359,03-14-2021
26107,3799,03-14-2021
26109,7414,03-14-2021
26111,4823,03-14-2021
26113,3168,03-14-2021
26115,5046,03-14-2021
26117,4589,03-14-2021
26119,3066,03-14-2021
26121,5377,03-14-2021
26123,4599,03-14-2021
26125,4866,03-14-2021
26127,6064,03-14-2021
26129,4386,03-14-2021
26131,5349,03-14-2021
26133,3584,03-14-2021
26135,3737,03-14-2021
26137,4114,03-14-2021
26139,6330,03-14-2021
80026,0,03-14-2021
26141,4209,03-14-2021
26143,4009,03-14-2021
26145,6474,03-14-2021
26151,3636,03-14-2021
26153,2829,03-14-2021
26155,4336,03-14-2021
26147,4415,03-14-2021
26149,5878,03-14-2021
26157,5047,03-14-2021
90026,0,03-14-2021
26159,5343,03-14-2021
26161,3727,03-14-2021
26163,4855,03-14-2021
26165,2943,03-14-2021
27001,6439,03-14-2021
27003,8117,03-14-2021
27005,7785,03-14-2021
27007,6084,03-14-2021
27009,9508,03-14-2021
27011,8695,03-14-2021
27013,7449,03-14-2021
27015,8041,03-14-2021
27017,7234,03-14-2021
27019,6136,03-14-2021
27021,6474,03-14-2021
27023,10805,03-14-2021
27025,7333,03-14-2021
27027,9596,03-14-2021
27029,7450,03-14-2021
27031,1903,03-14-2021
27033,10905,03-14-2021
27035,6931,03-14-2021
27037,7057,03-14-2021
27039,5612,03-14-2021
27041,9126,03-14-2021
27043,6672,03-14-2021
27045,5268,03-14-2021
27047,6578,03-14-2021
27049,6601,03-14-2021
27051,6530,03-14-2021
27053,6815,03-14-2021
27055,6370,03-14-2021
27057,6495,03-14-2021
27059,6493,03-14-2021
27061,5964,03-14-2021
27063,8033,03-14-2021
27065,5655,03-14-2021
27067,12451,03-14-2021
27069,7933,03-14-2021
27071,4464,03-14-2021
27073,9104,03-14-2021
27075,5140,03-14-2021
27077,4064,03-14-2021
27079,6750,03-14-2021
27081,8051,03-14-2021
27083,11176,03-14-2021
27087,7164,03-14-2021
27089,7230,03-14-2021
27091,7976,03-14-2021
27085,8561,03-14-2021
27093,8091,03-14-2021
27095,7717,03-14-2021
27097,8728,03-14-2021
27099,8289,03-14-2021
27101,9214,03-14-2021
27103,6048,03-14-2021
27105,16320,03-14-2021
27107,6431,03-14-2021
27109,5880,03-14-2021
27111,7176,03-14-2021
27113,6409,03-14-2021
27115,8357,03-14-2021
27117,9587,03-14-2021
27119,10196,03-14-2021
27121,6133,03-14-2021
27123,6743,03-14-2021
27125,7620,03-14-2021
27127,8622,03-14-2021
27129,8874,03-14-2021
27131,8236,03-14-2021
27133,11003,03-14-2021
27135,10544,03-14-2021
27139,7392,03-14-2021
27141,7871,03-14-2021
27143,6868,03-14-2021
27137,6298,03-14-2021
27145,10520,03-14-2021
27147,6854,03-14-2021
27149,6843,03-14-2021
27151,8525,03-14-2021
27153,9025,03-14-2021
27155,6627,03-14-2021
90027,0,03-14-2021
27157,6935,03-14-2021
27159,8207,03-14-2021
27161,9429,03-14-2021
27163,7036,03-14-2021
27165,9397,03-14-2021
27167,9473,03-14-2021
27169,7061,03-14-2021
27171,7829,03-14-2021
27173,9063,03-14-2021
28001,5887,03-14-2021
28003,6048,03-14-2021
28005,7066,03-14-2021
28007,9634,03-14-2021
28009,8269,03-14-2021
28011,11264,03-14-2021
28013,8244,03-14-2021
28015,9409,03-14-2021
28017,9396,03-14-2021
28019,6406,03-14-2021
28021,8044,03-14-2021
28023,7760,03-14-2021
28025,6983,03-14-2021
28027,8908,03-14-2021
28029,7821,03-14-2021
28031,9969,03-14-2021
28033,8048,03-14-2021
28035,7065,03-14-2021
28037,7727,03-14-2021
28039,7102,03-14-2021
28041,7331,03-14-2021
28043,9528,03-14-2021
28045,4354,03-14-2021
28047,5210,03-14-2021
28049,6089,03-14-2021
28051,9382,03-14-2021
28053,9164,03-14-2021
28055,11454,03-14-2021
28057,9927,03-14-2021
28059,6141,03-14-2021
28061,8954,03-14-2021
28063,6680,03-14-2021
28065,6883,03-14-2021
28067,7765,03-14-2021
28069,6836,03-14-2021
28071,7939,03-14-2021
28073,6570,03-14-2021
28075,6734,03-14-2021
28077,7301,03-14-2021
28079,9080,03-14-2021
28081,9080,03-14-2021
28083,9452,03-14-2021
28085,7589,03-14-2021
28087,7608,03-14-2021
28089,6863,03-14-2021
28091,7223,03-14-2021
28093,8298,03-14-2021
28095,8683,03-14-2021
28097,10168,03-14-2021
28099,10412,03-14-2021
28101,7760,03-14-2021
28103,9206,03-14-2021
28105,6963,03-14-2021
28107,9464,03-14-2021
28109,4741,03-14-2021
28111,7433,03-14-2021
28113,5732,03-14-2021
28115,9933,03-14-2021
28117,8473,03-14-2021
28119,8922,03-14-2021
28121,5768,03-14-2021
28123,7630,03-14-2021
28125,9025,03-14-2021
28127,7742,03-14-2021
28129,6509,03-14-2021
28131,6555,03-14-2021
28133,9697,03-14-2021
28135,8979,03-14-2021
28137,8523,03-14-2021
28139,9202,03-14-2021
28141,8234,03-14-2021
28143,7879,03-14-2021
90028,0,03-14-2021
28145,9942,03-14-2021
28147,7083,03-14-2021
28149,6110,03-14-2021
28151,9843,03-14-2021
28153,8413,03-14-2021
28155,8143,03-14-2021
28157,6176,03-14-2021
28159,10325,03-14-2021
28161,8374,03-14-2021
28163,7184,03-14-2021
29001,6427,03-14-2021
29003,6261,03-14-2021
29005,5055,03-14-2021
29007,7184,03-14-2021
29009,5082,03-14-2021
29011,6602,03-14-2021
29013,5225,03-14-2021
29015,6187,03-14-2021
29017,7920,03-14-2021
29019,7479,03-14-2021
29021,6945,03-14-2021
29023,6709,03-14-2021
29025,6130,03-14-2021
29027,8530,03-14-2021
29029,6873,03-14-2021
29031,8245,03-14-2021
29033,7616,03-14-2021
29035,6335,03-14-2021
29037,5323,03-14-2021
29039,3686,03-14-2021
29041,4538,03-14-2021
29043,6298,03-14-2021
29045,5531,03-14-2021
29047,2536,03-14-2021
29049,6239,03-14-2021
29051,9991,03-14-2021
29053,8481,03-14-2021
29055,7236,03-14-2021
29057,4787,03-14-2021
29059,4188,03-14-2021
29061,5677,03-14-2021
29063,6248,03-14-2021
29065,4559,03-14-2021
29067,4785,03-14-2021
29069,7195,03-14-2021
29071,6402,03-14-2021
29073,4685,03-14-2021
29075,9344,03-14-2021
29077,6504,03-14-2021
29079,6994,03-14-2021
29081,7626,03-14-2021
29083,6657,03-14-2021
29085,4557,03-14-2021
29087,7449,03-14-2021
29089,6229,03-14-2021
29091,5840,03-14-2021
29093,4059,03-14-2021
29095,3368,03-14-2021
29097,8345,03-14-2021
29099,6805,03-14-2021
29101,6011,03-14-2021
29103,3814,03-14-2021
29105,7040,03-14-2021
29107,6395,03-14-2021
29109,6116,03-14-2021
29111,5615,03-14-2021
29113,6034,03-14-2021
29115,3431,03-14-2021
29117,6895,03-14-2021
29121,6165,03-14-2021
29123,10051,03-14-2021
29125,5392,03-14-2021
29127,8271,03-14-2021
29119,7369,03-14-2021
29129,3677,03-14-2021
29131,7978,03-14-2021
29133,8641,03-14-2021
29135,9360,03-14-2021
29137,6038,03-14-2021
29139,4363,03-14-2021
29141,7068,03-14-2021
29143,9510,03-14-2021
29145,6018,03-14-2021
29147,10347,03-14-2021
29149,5147,03-14-2021
29151,8857,03-14-2021
29153,4163,03-14-2021
29155,8130,03-14-2021
29157,9730,03-14-2021
29159,9683,03-14-2021
29161,5664,03-14-2021
29163,7021,03-14-2021
29165,2362,03-14-2021
29167,5729,03-14-2021
29169,4887,03-14-2021
29171,4258,03-14-2021
29173,6470,03-14-2021
29175,6509,03-14-2021
29177,4952,03-14-2021
29179,3588,03-14-2021
29181,5102,03-14-2021
29195,8931,03-14-2021
29197,4356,03-14-2021
29199,4691,03-14-2021
29201,8738,03-14-2021
29203,5020,03-14-2021
29205,5042,03-14-2021
29183,6817,03-14-2021
29185,4948,03-14-2021
29187,9843,03-14-2021
29189,6988,03-14-2021
29510,5665,03-14-2021
29186,7991,03-14-2021
29207,6983,03-14-2021
29209,5148,03-14-2021
29211,10855,03-14-2021
29213,6842,03-14-2021
29215,5366,03-14-2021
90029,0,03-14-2021
29217,5349,03-14-2021
29219,4676,03-14-2021
29221,7270,03-14-2021
29223,5204,03-14-2021
29225,6218,03-14-2021
29227,6060,03-14-2021
29229,5992,03-14-2021
30001,8134,03-14-2021
30003,15391,03-14-2021
30005,9025,03-14-2021
30007,4713,03-14-2021
30009,6358,03-14-2021
30011,10782,03-14-2021
30013,8153,03-14-2021
30015,6583,03-14-2021
30017,8656,03-14-2021
30019,8165,03-14-2021
30021,10751,03-14-2021
30023,9266,03-14-2021
30025,9416,03-14-2021
30027,7782,03-14-2021
30029,8529,03-14-2021
30031,8138,03-14-2021
30033,5723,03-14-2021
30035,9626,03-14-2021
30037,5237,03-14-2021
30039,4794,03-14-2021
30041,9942,03-14-2021
30043,6357,03-14-2021
30045,3836,03-14-2021
30047,4829,03-14-2021
30049,6998,03-14-2021
30051,4321,03-14-2021
30053,5450,03-14-2021
30057,5918,03-14-2021
30055,8593,03-14-2021
30059,5961,03-14-2021
30061,4025,03-14-2021
30063,5338,03-14-2021
30065,5698,03-14-2021
30067,5275,03-14-2021
30069,2053,03-14-2021
30071,10773,03-14-2021
30073,6547,03-14-2021
30075,6064,03-14-2021
30077,11436,03-14-2021
30079,11513,03-14-2021
30081,4921,03-14-2021
30083,8099,03-14-2021
30085,12631,03-14-2021
30087,11491,03-14-2021
30089,3632,03-14-2021
30091,10788,03-14-2021
30093,8686,03-14-2021
30095,5631,03-14-2021
30097,8402,03-14-2021
30099,5075,03-14-2021
30101,14210,03-14-2021
30103,6178,03-14-2021
90030,0,03-14-2021
30105,8707,03-14-2021
30107,6632,03-14-2021
30109,11661,03-14-2021
30111,8584,03-14-2021
31001,7323,03-14-2021
31003,6779,03-14-2021
31005,3887,03-14-2021
31007,3489,03-14-2021
31009,3440,03-14-2021
31011,8108,03-14-2021
31013,7270,03-14-2021
31015,8441,03-14-2021
31017,7072,03-14-2021
31019,8717,03-14-2021
31021,8066,03-14-2021
31023,8944,03-14-2021
31025,6712,03-14-2021
31027,6534,03-14-2021
31029,9403,03-14-2021
31031,4412,03-14-2021
31033,8507,03-14-2021
31035,8898,03-14-2021
31037,13511,03-14-2021
31039,9314,03-14-2021
31041,5929,03-14-2021
31043,17502,03-14-2021
31045,6368,03-14-2021
31047,10493,03-14-2021
31049,3901,03-14-2021
31051,8694,03-14-2021
31053,10386,03-14-2021
31055,9378,03-14-2021
31057,6024,03-14-2021
31059,7488,03-14-2021
31061,7049,03-14-2021
31063,5824,03-14-2021
31065,7763,03-14-2021
31067,8548,03-14-2021
31069,5008,03-14-2021
31071,6449,03-14-2021
31073,7989,03-14-2021
31075,3691,03-14-2021
31077,7555,03-14-2021
31079,9500,03-14-2021
31081,7625,03-14-2021
31083,5295,03-14-2021
31085,5965,03-14-2021
31087,6372,03-14-2021
31089,6705,03-14-2021
31091,6891,03-14-2021
31093,7292,03-14-2021
31095,7876,03-14-2021
31097,10707,03-14-2021
31099,8976,03-14-2021
31101,7331,03-14-2021
31103,4714,03-14-2021
31105,9388,03-14-2021
31107,8125,03-14-2021
31109,7090,03-14-2021
31111,8667,03-14-2021
31113,9224,03-14-2021
31115,5421,03-14-2021
31119,10763,03-14-2021
31117,4251,03-14-2021
31121,7504,03-14-2021
31123,8789,03-14-2021
31125,9917,03-14-2021
31127,6899,03-14-2021
31129,7208,03-14-2021
31131,6332,03-14-2021
31133,6123,03-14-2021
31135,7955,03-14-2021
31137,8257,03-14-2021
31139,7526,03-14-2021
31141,10507,03-14-2021
31143,6675,03-14-2021
31145,8886,03-14-2021
31147,6598,03-14-2021
31149,7295,03-14-2021
31151,12253,03-14-2021
31153,8506,03-14-2021
31155,8318,03-14-2021
31157,8537,03-14-2021
31159,6688,03-14-2021
31161,7338,03-14-2021
31163,5031,03-14-2021
31165,2315,03-14-2021
31167,5354,03-14-2021
31169,7635,03-14-2021
31171,6371,03-14-2021
31173,9772,03-14-2021
90031,0,03-14-2021
31175,5988,03-14-2021
31177,7901,03-14-2021
31179,9408,03-14-2021
31181,7829,03-14-2021
31183,3575,03-14-2021
31185,9130,03-14-2021
32510,8970,03-14-2021
32001,5544,03-14-2021
32003,7581,03-14-2021
32005,4036,03-14-2021
32007,7381,03-14-2021
32009,3665,03-14-2021
32011,1478,03-14-2021
32013,4830,03-14-2021
32015,7013,03-14-2021
32017,5344,03-14-2021
32019,3761,03-14-2021
32021,4417,03-14-2021
32023,4286,03-14-2021
32027,12371,03-14-2021
32029,1600,03-14-2021
90032,0,03-14-2021
32031,7583,03-14-2021
32033,3956,03-14-2021
33001,3154,03-14-2021
33003,1850,03-14-2021
33005,1659,03-14-2021
33007,2097,03-14-2021
33009,1253,03-14-2021
33011,4226,03-14-2021
33013,3165,03-14-2021
33015,3524,03-14-2021
33017,2670,03-14-2021
33019,996,03-14-2021
90033,0,03-14-2021
34001,4675,03-14-2021
34003,5102,03-14-2021
34005,4818,03-14-2021
34007,5708,03-14-2021
34009,2620,03-14-2021
34011,5318,03-14-2021
34013,5970,03-14-2021
34015,4900,03-14-2021
34017,6618,03-14-2021
34019,3054,03-14-2021
34021,5149,03-14-2021
34023,5486,03-14-2021
34025,5226,03-14-2021
34027,4145,03-14-2021
34029,5413,03-14-2021
34031,8002,03-14-2021
34033,4477,03-14-2021
34035,3879,03-14-2021
34037,3233,03-14-2021
90034,0,03-14-2021
34039,6620,03-14-2021
34041,3778,03-14-2021
35001,6055,03-14-2021
35003,1644,03-14-2021
35005,10875,03-14-2021
35006,8539,03-14-2021
35007,4388,03-14-2021
35009,8369,03-14-2021
35011,5549,03-14-2021
35013,8082,03-14-2021
35015,7844,03-14-2021
35017,3411,03-14-2021
35019,6488,03-14-2021
35021,1280,03-14-2021
35023,5764,03-14-2021
35025,9499,03-14-2021
35027,5329,03-14-2021
35028,1476,03-14-2021
35029,9996,03-14-2021
35031,13845,03-14-2021
35033,2720,03-14-2021
35035,3210,03-14-2021
35037,4022,03-14-2021
35039,5945,03-14-2021
35041,8254,03-14-2021
35045,8315,03-14-2021
35047,3156,03-14-2021
35043,5634,03-14-2021
35049,4930,03-14-2021
35051,4967,03-14-2021
35053,5764,03-14-2021
35055,3526,03-14-2021
35057,3136,03-14-2021
90035,0,03-14-2021
35059,4730,03-14-2021
35061,6426,03-14-2021
36001,3900,03-14-2021
36003,4070,03-14-2021
36005,6099,03-14-2021
36007,4357,03-14-2021
36009,3396,03-14-2021
36011,3913,03-14-2021
36013,2856,03-14-2021
36015,5493,03-14-2021
36017,2647,03-14-2021
36019,1438,03-14-2021
36021,2822,03-14-2021
36023,4428,03-14-2021
36025,1644,03-14-2021
36027,4207,03-14-2021
36029,4570,03-14-2021
36031,1648,03-14-2021
36033,1561,03-14-2021
36035,2467,03-14-2021
36037,4830,03-14-2021
36039,2930,03-14-2021
36041,2536,03-14-2021
36043,3636,03-14-2021
36045,1692,03-14-2021
36047,4901,03-14-2021
36049,3589,03-14-2021
36051,3064,03-14-2021
36053,3294,03-14-2021
36055,4663,03-14-2021
36057,2830,03-14-2021
36059,6592,03-14-2021
36061,3786,03-14-2021
36063,4178,03-14-2021
36065,5433,03-14-2021
36067,4670,03-14-2021
36069,3065,03-14-2021
36071,6151,03-14-2021
36073,3462,03-14-2021
36075,2996,03-14-2021
36077,2065,03-14-2021
80036,0,03-14-2021
36079,5021,03-14-2021
36081,5640,03-14-2021
36083,2781,03-14-2021
36085,7486,03-14-2021
36087,8523,03-14-2021
36091,2521,03-14-2021
36093,3912,03-14-2021
36095,1845,03-14-2021
36097,2998,03-14-2021
36099,2401,03-14-2021
36089,2025,03-14-2021
36101,3634,03-14-2021
36103,6632,03-14-2021
36105,4201,03-14-2021
36107,3549,03-14-2021
36109,2068,03-14-2021
36111,3275,03-14-2021
90036,0,03-14-2021
36113,1953,03-14-2021
36115,1428,03-14-2021
36117,2927,03-14-2021
36119,7298,03-14-2021
36121,3565,03-14-2021
36123,2095,03-14-2021
37001,6133,03-14-2021
37003,7099,03-14-2021
37005,5728,03-14-2021
37007,5755,03-14-2021
37009,4455,03-14-2021
37011,7643,03-14-2021
37013,5392,03-14-2021
37015,6354,03-14-2021
37017,5632,03-14-2021
37019,3082,03-14-2021
37021,3520,03-14-2021
37023,6846,03-14-2021
37025,5156,03-14-2021
37027,7108,03-14-2021
37029,2622,03-14-2021
37031,3919,03-14-2021
37033,5131,03-14-2021
37035,6957,03-14-2021
37037,3900,03-14-2021
37039,4393,03-14-2021
37041,5888,03-14-2021
37043,3276,03-14-2021
37045,6814,03-14-2021
37047,6537,03-14-2021
37049,5019,03-14-2021
37051,4142,03-14-2021
37053,2337,03-14-2021
37055,2766,03-14-2021
37057,5190,03-14-2021
37059,4929,03-14-2021
37061,7195,03-14-2021
37063,4607,03-14-2021
37065,6269,03-14-2021
37067,5399,03-14-2021
37069,4572,03-14-2021
37071,6909,03-14-2021
37073,3087,03-14-2021
37075,4679,03-14-2021
37077,5906,03-14-2021
37079,7280,03-14-2021
37081,4560,03-14-2021
37083,5796,03-14-2021
37085,4381,03-14-2021
37087,3427,03-14-2021
37089,4547,03-14-2021
37091,5697,03-14-2021
37093,4993,03-14-2021
37095,6603,03-14-2021
37097,5153,03-14-2021
37099,5141,03-14-2021
37101,5526,03-14-2021
37103,4321,03-14-2021
37105,5681,03-14-2021
37107,5789,03-14-2021
37109,6245,03-14-2021
37113,3904,03-14-2021
37115,3663,03-14-2021
37117,5918,03-14-2021
37111,6700,03-14-2021
37119,5624,03-14-2021
37121,5847,03-14-2021
37123,7065,03-14-2021
37125,4828,03-14-2021
37127,6448,03-14-2021
37129,4093,03-14-2021
37131,5399,03-14-2021
37133,4410,03-14-2021
37135,3398,03-14-2021
37137,4148,03-14-2021
37139,4537,03-14-2021
37141,4340,03-14-2021
37143,3958,03-14-2021
37145,4168,03-14-2021
37147,6337,03-14-2021
37149,3474,03-14-2021
37151,5601,03-14-2021
37153,5866,03-14-2021
37155,7533,03-14-2021
37157,4869,03-14-2021
37159,6346,03-14-2021
37161,6470,03-14-2021
37163,7731,03-14-2021
37165,7242,03-14-2021
37167,6895,03-14-2021
37169,4397,03-14-2021
37171,6171,03-14-2021
37173,4848,03-14-2021
37175,2666,03-14-2021
37177,4208,03-14-2021
90037,0,03-14-2021
37179,5213,03-14-2021
37181,6015,03-14-2021
37183,3962,03-14-2021
37185,5539,03-14-2021
37187,3834,03-14-2021
37189,4637,03-14-2021
37191,6027,03-14-2021
37193,5667,03-14-2021
37195,6743,03-14-2021
37197,6310,03-14-2021
37199,5705,03-14-2021
38001,8574,03-14-2021
38003,11934,03-14-2021
38005,14505,03-14-2021
38007,5280,03-14-2021
38009,9773,03-14-2021
38011,10152,03-14-2021
38013,9456,03-14-2021
38015,14305,03-14-2021
38017,10954,03-14-2021
38019,10845,03-14-2021
38021,14203,03-14-2021
38023,6051,03-14-2021
38025,8024,03-14-2021
38027,18058,03-14-2021
38029,11601,03-14-2021
38031,16355,03-14-2021
38033,11413,03-14-2021
38035,13325,03-14-2021
38037,7563,03-14-2021
38039,13581,03-14-2021
38041,10764,03-14-2021
38043,10000,03-14-2021
38045,11739,03-14-2021
38047,11621,03-14-2021
38049,9295,03-14-2021
38051,12535,03-14-2021
38053,6849,03-14-2021
38055,11936,03-14-2021
38057,12361,03-14-2021
38059,14787,03-14-2021
38061,11341,03-14-2021
38063,14241,03-14-2021
38065,7605,03-14-2021
38067,10277,03-14-2021
38069,12503,03-14-2021
38071,12770,03-14-2021
38073,10597,03-14-2021
38075,11989,03-14-2021
38077,9618,03-14-2021
38079,13353,03-14-2021
38081,10466,03-14-2021
38083,7376,03-14-2021
38085,14278,03-14-2021
38087,3866,03-14-2021
38089,12937,03-14-2021
38091,8783,03-14-2021
38093,15180,03-14-2021
38095,12562,03-14-2021
38097,11373,03-14-2021
90038,0,03-14-2021
38099,15393,03-14-2021
38101,12499,03-14-2021
38103,10459,03-14-2021
38105,10540,03-14-2021
069,221,03-14-2021
39001,4935,03-14-2021
39003,8117,03-14-2021
39005,5102,03-14-2021
39007,3937,03-14-2021
39009,4746,03-14-2021
39011,7977,03-14-2021
39013,4729,03-14-2021
39015,5449,03-14-2021
39017,6713,03-14-2021
39019,4187,03-14-2021
39021,4929,03-14-2021
39023,6703,03-14-2021
39025,5835,03-14-2021
39027,5611,03-14-2021
39029,6033,03-14-2021
39031,4653,03-14-2021
39033,6304,03-14-2021
39035,5678,03-14-2021
39037,8099,03-14-2021
39039,7146,03-14-2021
39041,5431,03-14-2021
39043,6614,03-14-2021
39045,6365,03-14-2021
39047,6331,03-14-2021
39049,6383,03-14-2021
39051,6513,03-14-2021
39053,5578,03-14-2021
39055,4294,03-14-2021
39057,5732,03-14-2021
39059,5193,03-14-2021
39061,6339,03-14-2021
39063,6060,03-14-2021
39065,5598,03-14-2021
39067,4601,03-14-2021
39069,6631,03-14-2021
39071,4872,03-14-2021
39073,4886,03-14-2021
39075,4465,03-14-2021
39077,5816,03-14-2021
39079,6596,03-14-2021
39081,5197,03-14-2021
39083,4465,03-14-2021
39085,5542,03-14-2021
39087,5914,03-14-2021
39089,5952,03-14-2021
39091,5222,03-14-2021
39093,4772,03-14-2021
39095,6024,03-14-2021
39097,6541,03-14-2021
39099,6471,03-14-2021
39101,10343,03-14-2021
39103,5180,03-14-2021
39105,3684,03-14-2021
39107,9499,03-14-2021
39109,7084,03-14-2021
39111,5383,03-14-2021
39113,6698,03-14-2021
39115,4438,03-14-2021
39117,5191,03-14-2021
39119,6263,03-14-2021
39121,6988,03-14-2021
39123,5774,03-14-2021
39125,6357,03-14-2021
39127,5111,03-14-2021
39129,10498,03-14-2021
39131,5062,03-14-2021
39133,4491,03-14-2021
39135,6650,03-14-2021
39137,9645,03-14-2021
39139,6189,03-14-2021
39141,5790,03-14-2021
39143,6071,03-14-2021
39145,5633,03-14-2021
39147,6308,03-14-2021
39149,7096,03-14-2021
39151,5522,03-14-2021
39153,5182,03-14-2021
39155,5476,03-14-2021
39157,6735,03-14-2021
90039,0,03-14-2021
39159,6097,03-14-2021
39161,6051,03-14-2021
39163,3920,03-14-2021
39165,6714,03-14-2021
39167,5000,03-14-2021
39169,5037,03-14-2021
39171,6241,03-14-2021
39173,6343,03-14-2021
39175,7477,03-14-2021
40001,8425,03-14-2021
40003,16345,03-14-2021
40005,9499,03-14-2021
40007,5799,03-14-2021
40009,8984,03-14-2021
40011,6999,03-14-2021
40013,8292,03-14-2021
40015,9682,03-14-2021
40017,7135,03-14-2021
40019,5724,03-14-2021
40021,7544,03-14-2021
40023,7333,03-14-2021
40025,5007,03-14-2021
40027,6771,03-14-2021
40029,8698,03-14-2021
40031,5792,03-14-2021
40033,7447,03-14-2021
40035,10302,03-14-2021
40037,5703,03-14-2021
40039,10278,03-14-2021
40041,6777,03-14-2021
40043,8607,03-14-2021
40045,8007,03-14-2021
40047,8834,03-14-2021
40049,8321,03-14-2021
40051,6891,03-14-2021
40053,8769,03-14-2021
40055,6635,03-14-2021
40057,7576,03-14-2021
40059,9354,03-14-2021
40061,6953,03-14-2021
40063,6235,03-14-2021
40065,9523,03-14-2021
40067,7264,03-14-2021
40069,7550,03-14-2021
40071,7607,03-14-2021
40073,8607,03-14-2021
40075,6247,03-14-2021
40077,5281,03-14-2021
40079,7201,03-14-2021
40081,6044,03-14-2021
40083,5305,03-14-2021
40085,8836,03-14-2021
40093,9385,03-14-2021
40095,6632,03-14-2021
40097,6240,03-14-2021
40087,8798,03-14-2021
40089,8945,03-14-2021
40091,6766,03-14-2021
40099,8271,03-14-2021
40101,9597,03-14-2021
40103,8840,03-14-2021
40105,6758,03-14-2021
40107,11790,03-14-2021
40109,7272,03-14-2021
40111,6759,03-14-2021
40113,6422,03-14-2021
40115,8764,03-14-2021
80040,0,03-14-2021
40117,6503,03-14-2021
40119,7193,03-14-2021
40121,6895,03-14-2021
40123,8188,03-14-2021
40125,7648,03-14-2021
40127,5632,03-14-2021
40129,7061,03-14-2021
40131,7101,03-14-2021
40133,7502,03-14-2021
40135,5963,03-14-2021
40137,7020,03-14-2021
40139,14792,03-14-2021
40141,7503,03-14-2021
40143,7386,03-14-2021
90040,0,03-14-2021
40145,5720,03-14-2021
40147,6072,03-14-2021
40149,6934,03-14-2021
40151,11156,03-14-2021
40153,12176,03-14-2021
41001,2927,03-14-2021
41003,1447,03-14-2021
41005,2405,03-14-2021
41007,1374,03-14-2021
41009,1598,03-14-2021
41011,1172,03-14-2021
41013,1835,03-14-2021
41015,1212,03-14-2021
41017,2011,03-14-2021
41019,1249,03-14-2021
41021,1935,03-14-2021
41023,2361,03-14-2021
41025,1812,03-14-2021
41027,3489,03-14-2021
41029,2663,03-14-2021
41031,5779,03-14-2021
41033,1363,03-14-2021
41035,2799,03-14-2021
41037,2503,03-14-2021
41039,1813,03-14-2021
41041,1761,03-14-2021
41043,2042,03-14-2021
41045,9466,03-14-2021
41047,4004,03-14-2021
41049,7024,03-14-2021
41051,3111,03-14-2021
41053,2296,03-14-2021
41055,1741,03-14-2021
41057,1139,03-14-2021
41059,7235,03-14-2021
90041,0,03-14-2021
41061,3651,03-14-2021
41063,1054,03-14-2021
41065,3391,03-14-2021
41067,2671,03-14-2021
41069,1276,03-14-2021
41071,2465,03-14-2021
42001,4513,03-14-2021
42003,4470,03-14-2021
42005,5417,03-14-2021
42007,5187,03-14-2021
42009,6199,03-14-2021
42011,5641,03-14-2021
42013,6530,03-14-2021
42015,5119,03-14-2021
42017,4916,03-14-2021
42019,5026,03-14-2021
42021,6843,03-14-2021
42023,3530,03-14-2021
42025,4415,03-14-2021
42027,5561,03-14-2021
42029,3769,03-14-2021
42031,5296,03-14-2021
42033,5221,03-14-2021
42035,5099,03-14-2021
42037,4337,03-14-2021
42039,5845,03-14-2021
42041,4159,03-14-2021
42043,5036,03-14-2021
42045,5283,03-14-2021
42047,4898,03-14-2021
42049,4385,03-14-2021
42051,5663,03-14-2021
42053,4319,03-14-2021
42055,5654,03-14-2021
42057,4989,03-14-2021
42059,4738,03-14-2021
42061,6871,03-14-2021
42063,4738,03-14-2021
42065,4386,03-14-2021
42067,5496,03-14-2021
42069,4283,03-14-2021
42071,5190,03-14-2021
42073,5012,03-14-2021
42075,6316,03-14-2021
42077,5597,03-14-2021
42079,5544,03-14-2021
42081,5381,03-14-2021
42083,4265,03-14-2021
42085,5497,03-14-2021
42087,7503,03-14-2021
42089,3631,03-14-2021
42091,4404,03-14-2021
42093,6396,03-14-2021
42095,5548,03-14-2021
42097,5571,03-14-2021
42099,3762,03-14-2021
42101,5926,03-14-2021
42103,2619,03-14-2021
42105,3600,03-14-2021
42107,5622,03-14-2021
42109,4738,03-14-2021
42111,6717,03-14-2021
42113,2472,03-14-2021
42115,2593,03-14-2021
42117,4744,03-14-2021
90042,0,03-14-2021
42119,6544,03-14-2021
42121,4756,03-14-2021
42123,3906,03-14-2021
42125,4391,03-14-2021
42127,3635,03-14-2021
42129,5574,03-14-2021
42131,3015,03-14-2021
42133,5251,03-14-2021
72001,1814,03-14-2021
72003,1847,03-14-2021
72005,1710,03-14-2021
72007,2627,03-14-2021
72009,1379,03-14-2021
72011,1861,03-14-2021
72013,2165,03-14-2021
72015,910,03-14-2021
72017,1879,03-14-2021
72019,2207,03-14-2021
72021,3411,03-14-2021
72023,827,03-14-2021
72025,2801,03-14-2021
72027,2317,03-14-2021
72029,2272,03-14-2021
72031,3320,03-14-2021
72033,3018,03-14-2021
72035,1707,03-14-2021
72037,1751,03-14-2021
72039,2808,03-14-2021
72041,1939,03-14-2021
72043,1173,03-14-2021
72045,2407,03-14-2021
72047,2768,03-14-2021
72049,1341,03-14-2021
72051,3411,03-14-2021
72053,1982,03-14-2021
72054,2880,03-14-2021
72055,754,03-14-2021
72057,1038,03-14-2021
72059,896,03-14-2021
72061,3067,03-14-2021
72063,2359,03-14-2021
72065,1688,03-14-2021
72067,1527,03-14-2021
72069,1755,03-14-2021
72071,1796,03-14-2021
72073,1051,03-14-2021
72075,1251,03-14-2021
72077,2922,03-14-2021
72079,726,03-14-2021
72081,1672,03-14-2021
72083,1337,03-14-2021
72085,2121,03-14-2021
72087,2455,03-14-2021
72089,1862,03-14-2021
72091,2335,03-14-2021
72093,976,03-14-2021
72095,1618,03-14-2021
72097,1391,03-14-2021
72099,2401,03-14-2021
72101,2703,03-14-2021
72103,1909,03-14-2021
72105,3078,03-14-2021
72107,2245,03-14-2021
72888,0,03-14-2021
72109,1061,03-14-2021
72111,1542,03-14-2021
72113,1169,03-14-2021
72115,1998,03-14-2021
72117,1552,03-14-2021
72119,2030,03-14-2021
72121,796,03-14-2021
72123,1618,03-14-2021
72125,946,03-14-2021
72127,3474,03-14-2021
72129,2623,03-14-2021
72131,2274,03-14-2021
72133,1098,03-14-2021
72135,3046,03-14-2021
72137,2994,03-14-2021
72139,2743,03-14-2021
72999,0,03-14-2021
72141,1989,03-14-2021
72143,2906,03-14-2021
72145,3416,03-14-2021
72147,1144,03-14-2021
72149,2133,03-14-2021
72151,1446,03-14-2021
72153,1367,03-14-2021
44001,4956,03-14-2021
44003,6026,03-14-2021
44005,3161,03-14-2021
44007,9225,03-14-2021
90044,0,03-14-2021
44009,3569,03-14-2021
45001,5198,03-14-2021
45003,5358,03-14-2021
45005,5881,03-14-2021
45007,5950,03-14-2021
45009,6803,03-14-2021
45011,6973,03-14-2021
45013,4989,03-14-2021
45015,4016,03-14-2021
45017,5545,03-14-2021
45019,5882,03-14-2021
45021,5296,03-14-2021
45023,6968,03-14-2021
45025,5117,03-14-2021
45027,5423,03-14-2021
45029,5178,03-14-2021
45031,6823,03-14-2021
45033,7795,03-14-2021
45035,5131,03-14-2021
45037,5689,03-14-2021
45039,6103,03-14-2021
45041,7588,03-14-2021
45043,6269,03-14-2021
45045,7129,03-14-2021
45047,5999,03-14-2021
45049,5717,03-14-2021
45051,5743,03-14-2021
45053,4479,03-14-2021
45055,5876,03-14-2021
45057,5340,03-14-2021
45059,5347,03-14-2021
45061,7095,03-14-2021
45063,5601,03-14-2021
45067,6347,03-14-2021
45069,7335,03-14-2021
45065,4998,03-14-2021
45071,7341,03-14-2021
45073,6588,03-14-2021
45075,5923,03-14-2021
45077,8041,03-14-2021
45079,6336,03-14-2021
45081,4889,03-14-2021
45083,6177,03-14-2021
45085,5171,03-14-2021
90045,0,03-14-2021
45087,5677,03-14-2021
45089,7287,03-14-2021
45091,5412,03-14-2021
46003,15049,03-14-2021
46005,13596,03-14-2021
46007,10549,03-14-2021
46009,21402,03-14-2021
46011,8498,03-14-2021
46013,11395,03-14-2021
46015,11836,03-14-2021
46017,20897,03-14-2021
46019,8447,03-14-2021
46021,8357,03-14-2021
46023,11967,03-14-2021
46025,8377,03-14-2021
46027,11549,03-14-2021
46029,12324,03-14-2021
46031,10988,03-14-2021
46033,7489,03-14-2021
46035,13744,03-14-2021
46037,9900,03-14-2021
46039,9469,03-14-2021
46041,21435,03-14-2021
46043,13077,03-14-2021
46045,9636,03-14-2021
46047,6762,03-14-2021
46049,13614,03-14-2021
46051,11712,03-14-2021
46053,11517,03-14-2021
46055,12269,03-14-2021
46057,9831,03-14-2021
46059,9777,03-14-2021
46061,9006,03-14-2021
46063,6856,03-14-2021
46065,11542,03-14-2021
46067,9600,03-14-2021
46069,10146,03-14-2021
46071,7834,03-14-2021
46073,12866,03-14-2021
46075,7419,03-14-2021
46077,10892,03-14-2021
46079,7970,03-14-2021
46081,9886,03-14-2021
46083,11091,03-14-2021
46085,13752,03-14-2021
46091,5268,03-14-2021
46087,12226,03-14-2021
46089,7608,03-14-2021
46093,7874,03-14-2021
46095,10431,03-14-2021
46097,10153,03-14-2021
46099,12932,03-14-2021
46101,8135,03-14-2021
46102,13592,03-14-2021
46103,9841,03-14-2021
46105,9947,03-14-2021
46107,13934,03-14-2021
46109,9467,03-14-2021
46111,13011,03-14-2021
46115,11025,03-14-2021
46117,8779,03-14-2021
46119,7979,03-14-2021
46121,11417,03-14-2021
46123,11560,03-14-2021
46125,11569,03-14-2021
90046,0,03-14-2021
46127,10092,03-14-2021
46129,11370,03-14-2021
46135,11019,03-14-2021
46137,10558,03-14-2021
47001,7315,03-14-2021
47003,9148,03-14-2021
47005,7227,03-14-2021
47007,10389,03-14-2021
47009,7495,03-14-2021
47011,8435,03-14-2021
47013,6982,03-14-2021
47015,9306,03-14-2021
47017,9709,03-14-2021
47019,7916,03-14-2021
47021,7045,03-14-2021
47023,8614,03-14-2021
47025,5262,03-14-2021
47027,11096,03-14-2021
47029,7890,03-14-2021
47031,8697,03-14-2021
47033,11531,03-14-2021
47035,7267,03-14-2021
47037,8859,03-14-2021
47041,10185,03-14-2021
47039,11446,03-14-2021
47043,8571,03-14-2021
47045,11448,03-14-2021
47047,8073,03-14-2021
47049,10149,03-14-2021
47051,8408,03-14-2021
47053,10243,03-14-2021
47055,9061,03-14-2021
47057,7581,03-14-2021
47059,7987,03-14-2021
47061,8885,03-14-2021
47063,9027,03-14-2021
47065,7760,03-14-2021
47067,4894,03-14-2021
47069,11297,03-14-2021
47071,10252,03-14-2021
47073,6394,03-14-2021
47075,12534,03-14-2021
47077,10474,03-14-2021
47079,7144,03-14-2021
47081,7661,03-14-2021
47083,9718,03-14-2021
47085,6280,03-14-2021
47087,8043,03-14-2021
47089,7085,03-14-2021
47091,9973,03-14-2021
47093,6942,03-14-2021
47095,20068,03-14-2021
47097,10248,03-14-2021
47099,10004,03-14-2021
47101,9382,03-14-2021
47103,9599,03-14-2021
47105,7786,03-14-2021
47111,10519,03-14-2021
47113,8200,03-14-2021
47115,6434,03-14-2021
47117,8328,03-14-2021
47119,9594,03-14-2021
47107,8090,03-14-2021
47109,7959,03-14-2021
47121,7800,03-14-2021
47123,8336,03-14-2021
47125,5507,03-14-2021
47127,10804,03-14-2021
47129,7167,03-14-2021
47131,12112,03-14-2021
80047,0,03-14-2021
47133,9815,03-14-2021
47135,10586,03-14-2021
47137,11232,03-14-2021
47139,6974,03-14-2021
47141,10814,03-14-2021
47143,9569,03-14-2021
47145,8101,03-14-2021
47147,9097,03-14-2021
47149,8612,03-14-2021
47151,9035,03-14-2021
47153,7640,03-14-2021
47155,9059,03-14-2021
47157,7102,03-14-2021
47159,10145,03-14-2021
47161,6438,03-14-2021
47163,6859,03-14-2021
47165,8254,03-14-2021
47167,8780,03-14-2021
47169,19133,03-14-2021
90047,0,03-14-2021
47171,8085,03-14-2021
47173,6113,03-14-2021
47175,9281,03-14-2021
47177,10647,03-14-2021
47179,7901,03-14-2021
47181,14496,03-14-2021
47183,9214,03-14-2021
47185,10009,03-14-2021
47187,7509,03-14-2021
47189,8624,03-14-2021
48001,8338,03-14-2021
48003,7661,03-14-2021
48005,6568,03-14-2021
48007,3134,03-14-2021
48009,6570,03-14-2021
48011,5829,03-14-2021
48013,5743,03-14-2021
48015,3452,03-14-2021
48017,10271,03-14-2021
48019,2487,03-14-2021
48021,4296,03-14-2021
48023,6098,03-14-2021
48025,8223,03-14-2021
48027,3647,03-14-2021
48029,5773,03-14-2021
48031,2380,03-14-2021
48033,2752,03-14-2021
48035,4308,03-14-2021
48037,4353,03-14-2021
48039,5758,03-14-2021
48041,6337,03-14-2021
48043,9594,03-14-2021
48045,6080,03-14-2021
48047,8459,03-14-2021
48049,7386,03-14-2021
48051,5080,03-14-2021
48053,4078,03-14-2021
48055,5576,03-14-2021
48057,5650,03-14-2021
48059,5744,03-14-2021
48061,6977,03-14-2021
48063,5888,03-14-2021
48065,4994,03-14-2021
48067,4342,03-14-2021
48069,10544,03-14-2021
48071,5992,03-14-2021
48073,5890,03-14-2021
48075,16739,03-14-2021
48077,6828,03-14-2021
48079,7185,03-14-2021
48081,11603,03-14-2021
48083,5113,03-14-2021
48085,4773,03-14-2021
48087,7226,03-14-2021
48089,4736,03-14-2021
48091,3994,03-14-2021
48093,7429,03-14-2021
48095,7703,03-14-2021
48097,5577,03-14-2021
48099,4734,03-14-2021
48101,10872,03-14-2021
48103,10673,03-14-2021
48105,15011,03-14-2021
48107,6118,03-14-2021
48109,13127,03-14-2021
48111,6340,03-14-2021
48113,7335,03-14-2021
48115,11227,03-14-2021
48123,7172,03-14-2021
48117,12477,03-14-2021
48119,2832,03-14-2021
48121,4416,03-14-2021
48125,5879,03-14-2021
48127,6183,03-14-2021
48129,8175,03-14-2021
48131,7923,03-14-2021
48133,4509,03-14-2021
48135,6944,03-14-2021
48137,9472,03-14-2021
48141,11785,03-14-2021
48139,7174,03-14-2021
48143,7086,03-14-2021
48145,6931,03-14-2021
48147,5296,03-14-2021
48149,5121,03-14-2021
48151,5770,03-14-2021
48153,9856,03-14-2021
48155,6060,03-14-2021
48157,4475,03-14-2021
48159,4111,03-14-2021
48161,4737,03-14-2021
48163,8879,03-14-2021
48165,5741,03-14-2021
48167,6349,03-14-2021
48169,4286,03-14-2021
48171,5283,03-14-2021
48173,6458,03-14-2021
48175,3682,03-14-2021
48177,7870,03-14-2021
48179,7721,03-14-2021
48181,4874,03-14-2021
48183,5585,03-14-2021
48185,6256,03-14-2021
48187,4179,03-14-2021
48189,15422,03-14-2021
48191,7928,03-14-2021
48193,5826,03-14-2021
48195,11428,03-14-2021
48197,6534,03-14-2021
48199,5954,03-14-2021
48201,5084,03-14-2021
48203,3833,03-14-2021
48205,5685,03-14-2021
48207,5567,03-14-2021
48209,5158,03-14-2021
48211,9243,03-14-2021
48213,4441,03-14-2021
48215,5946,03-14-2021
48217,6082,03-14-2021
48219,8279,03-14-2021
48221,6422,03-14-2021
48223,6096,03-14-2021
48225,4928,03-14-2021
48227,10710,03-14-2021
48229,9169,03-14-2021
48231,3718,03-14-2021
48233,5697,03-14-2021
48235,4622,03-14-2021
48237,4734,03-14-2021
48239,7493,03-14-2021
48241,4227,03-14-2021
48243,4749,03-14-2021
48245,5457,03-14-2021
48247,6365,03-14-2021
48249,7040,03-14-2021
48251,6333,03-14-2021
48253,11666,03-14-2021
48255,8172,03-14-2021
48257,6834,03-14-2021
48259,3050,03-14-2021
48261,5198,03-14-2021
48263,7480,03-14-2021
48265,4524,03-14-2021
48267,4726,03-14-2021
48269,2205,03-14-2021
48271,3926,03-14-2021
48273,5622,03-14-2021
48275,4366,03-14-2021
48283,8869,03-14-2021
48277,7956,03-14-2021
48279,12859,03-14-2021
48281,3509,03-14-2021
48285,8390,03-14-2021
48287,5667,03-14-2021
48289,4452,03-14-2021
48291,4824,03-14-2021
48293,5474,03-14-2021
48295,7021,03-14-2021
48297,6979,03-14-2021
48299,3055,03-14-2021
48301,591,03-14-2021
48303,13566,03-14-2021
48305,8687,03-14-2021
48313,7854,03-14-2021
48315,2648,03-14-2021
48317,9305,03-14-2021
48319,6176,03-14-2021
48321,5231,03-14-2021
48323,10961,03-14-2021
48307,5611,03-14-2021
48309,7413,03-14-2021
48311,8613,03-14-2021
48325,5329,03-14-2021
48327,7951,03-14-2021
48329,6506,03-14-2021
48331,5917,03-14-2021
48333,5704,03-14-2021
48335,5804,03-14-2021
48337,7195,03-14-2021
48339,4387,03-14-2021
48341,9880,03-14-2021
48343,4020,03-14-2021
48345,6083,03-14-2021
48347,4645,03-14-2021
48349,8033,03-14-2021
48351,2883,03-14-2021
48353,8481,03-14-2021
48355,8198,03-14-2021
48357,9272,03-14-2021
48359,7054,03-14-2021
48361,6374,03-14-2021
48363,6392,03-14-2021
48365,4393,03-14-2021
48367,6152,03-14-2021
48369,11254,03-14-2021
48371,8380,03-14-2021
48373,4245,03-14-2021
48375,12929,03-14-2021
48377,8934,03-14-2021
48379,4251,03-14-2021
48381,10170,03-14-2021
48383,8339,03-14-2021
48385,5996,03-14-2021
48387,3742,03-14-2021
48389,9195,03-14-2021
48391,6577,03-14-2021
48393,5386,03-14-2021
48395,5388,03-14-2021
48397,5976,03-14-2021
48399,8973,03-14-2021
48401,4738,03-14-2021
48403,3708,03-14-2021
48405,5742,03-14-2021
48407,1500,03-14-2021
48409,4603,03-14-2021
48411,7035,03-14-2021
48413,7805,03-14-2021
48415,11836,03-14-2021
48417,4655,03-14-2021
48419,4225,03-14-2021
48421,3772,03-14-2021
48423,5517,03-14-2021
48425,8074,03-14-2021
48427,9685,03-14-2021
48429,6011,03-14-2021
48431,7591,03-14-2021
48433,6518,03-14-2021
48435,10540,03-14-2021
48437,8557,03-14-2021
48439,7134,03-14-2021
48441,8103,03-14-2021
48443,7474,03-14-2021
48445,10950,03-14-2021
48447,3597,03-14-2021
48449,7767,03-14-2021
48451,10842,03-14-2021
48453,3971,03-14-2021
48455,2395,03-14-2021
48457,3626,03-14-2021
90048,0,03-14-2021
48459,4469,03-14-2021
48461,7082,03-14-2021
48463,7105,03-14-2021
48465,9578,03-14-2021
48467,4366,03-14-2021
48469,6386,03-14-2021
48471,8374,03-14-2021
48473,3725,03-14-2021
48475,6267,03-14-2021
48477,4216,03-14-2021
48479,9747,03-14-2021
48481,5876,03-14-2021
48483,7298,03-14-2021
48485,8354,03-14-2021
48487,10807,03-14-2021
48489,8071,03-14-2021
48491,3875,03-14-2021
48493,4184,03-14-2021
48495,6816,03-14-2021
48497,6219,03-14-2021
48499,4523,03-14-2021
48501,8940,03-14-2021
48503,7912,03-14-2021
48505,7221,03-14-2021
48507,7398,03-14-2021
49011,7039,03-14-2021
49035,9253,03-14-2021
49037,9184,03-14-2021
49043,7626,03-14-2021
49045,6285,03-14-2021
90049,0,03-14-2021
49049,10569,03-14-2021
49051,9374,03-14-2021
50001,731,03-14-2021
50003,1412,03-14-2021
50005,826,03-14-2021
50007,1622,03-14-2021
50009,1298,03-14-2021
50011,1097,03-14-2021
50013,843,03-14-2021
50015,906,03-14-2021
50017,1079,03-14-2021
50019,1083,03-14-2021
50021,775,03-14-2021
90050,0,03-14-2021
50023,1513,03-14-2021
50025,1113,03-14-2021
50027,733,03-14-2021
078,1898,03-14-2021
51001,5288,03-14-2021
51003,2594,03-14-2021
51510,4620,03-14-2021
51005,5269,03-14-2021
51007,2731,03-14-2021
51009,4657,03-14-2021
51011,4600,03-14-2021
51013,3797,03-14-2021
51015,4453,03-14-2021
51017,4051,03-14-2021
51019,3986,03-14-2021
51021,7675,03-14-2021
51023,3937,03-14-2021
51520,5595,03-14-2021
51025,4004,03-14-2021
51027,4146,03-14-2021
51029,8298,03-14-2021
51530,7934,03-14-2021
51031,3849,03-14-2021
51033,3456,03-14-2021
51035,5041,03-14-2021
51036,2800,03-14-2021
51037,3198,03-14-2021
51540,4701,03-14-2021
51550,3849,03-14-2021
51041,3745,03-14-2021
51043,2688,03-14-2021
51570,3598,03-14-2021
51580,6951,03-14-2021
51045,2923,03-14-2021
51047,5771,03-14-2021
51049,1993,03-14-2021
51590,5998,03-14-2021
51051,4483,03-14-2021
51053,3237,03-14-2021
51595,7781,03-14-2021
51057,3195,03-14-2021
51059,3880,03-14-2021
51600,1269,03-14-2021
51610,1238,03-14-2021
51061,3392,03-14-2021
51063,3282,03-14-2021
51065,2882,03-14-2021
51067,4221,03-14-2021
51620,8535,03-14-2021
51069,4250,03-14-2021
51630,3609,03-14-2021
51640,13187,03-14-2021
51071,3684,03-14-2021
51073,2318,03-14-2021
51075,2614,03-14-2021
51077,5099,03-14-2021
51079,2785,03-14-2021
51081,8989,03-14-2021
51083,3420,03-14-2021
51650,3286,03-14-2021
51085,3628,03-14-2021
51660,8308,03-14-2021
51087,3800,03-14-2021
51089,5281,03-14-2021
51091,2602,03-14-2021
51670,3946,03-14-2021
51093,4139,03-14-2021
51095,2571,03-14-2021
51099,2791,03-14-2021
51101,2705,03-14-2021
51097,2491,03-14-2021
51103,3414,03-14-2021
51105,6429,03-14-2021
51678,8152,03-14-2021
51107,3470,03-14-2021
51109,2476,03-14-2021
51111,2869,03-14-2021
51680,5246,03-14-2021
51113,2284,03-14-2021
51683,7126,03-14-2021
51685,5383,03-14-2021
51690,8077,03-14-2021
51115,3531,03-14-2021
51117,4328,03-14-2021
51119,2636,03-14-2021
51121,5309,03-14-2021
51125,2391,03-14-2021
51127,2858,03-14-2021
51700,3381,03-14-2021
51710,3698,03-14-2021
51131,3859,03-14-2021
51133,3579,03-14-2021
51720,4245,03-14-2021
51135,7720,03-14-2021
51137,2631,03-14-2021
51139,4397,03-14-2021
51141,4452,03-14-2021
51730,4651,03-14-2021
51143,4501,03-14-2021
51735,2746,03-14-2021
51740,4814,03-14-2021
51145,2947,03-14-2021
51147,4797,03-14-2021
51149,4784,03-14-2021
51153,5501,03-14-2021
51155,4599,03-14-2021
51750,8285,03-14-2021
51157,2225,03-14-2021
51159,9076,03-14-2021
51760,4035,03-14-2021
51161,4996,03-14-2021
51770,5326,03-14-2021
51163,2755,03-14-2021
51165,4853,03-14-2021
51167,5822,03-14-2021
51775,4624,03-14-2021
51169,5689,03-14-2021
51171,5179,03-14-2021
51173,6168,03-14-2021
51175,6545,03-14-2021
51177,3555,03-14-2021
51179,3456,03-14-2021
51790,6497,03-14-2021
51800,4389,03-14-2021
51181,3846,03-14-2021
51183,6317,03-14-2021
51185,5904,03-14-2021
90051,0,03-14-2021
51810,3773,03-14-2021
51187,3376,03-14-2021
51191,5690,03-14-2021
51820,5422,03-14-2021
51193,3880,03-14-2021
51830,2407,03-14-2021
51840,5926,03-14-2021
51195,5486,03-14-2021
51197,4647,03-14-2021
51199,2183,03-14-2021
53001,8141,03-14-2021
53003,4246,03-14-2021
53005,5720,03-14-2021
53007,6283,03-14-2021
53009,925,03-14-2021
53011,2733,03-14-2021
53013,2107,03-14-2021
53015,2183,03-14-2021
53017,5979,03-14-2021
53019,2307,03-14-2021
53021,9212,03-14-2021
53023,4269,03-14-2021
53025,6119,03-14-2021
53027,2957,03-14-2021
53029,1085,03-14-2021
53031,682,03-14-2021
53033,2777,03-14-2021
53035,1431,03-14-2021
53037,3521,03-14-2021
53039,2122,03-14-2021
53041,3029,03-14-2021
53043,2285,03-14-2021
53045,2234,03-14-2021
53047,4159,03-14-2021
53049,2411,03-14-2021
53051,3300,03-14-2021
53053,2857,03-14-2021
53055,420,03-14-2021
53057,2553,03-14-2021
53059,1572,03-14-2021
53061,2723,03-14-2021
53063,4893,03-14-2021
53065,2585,03-14-2021
53067,1640,03-14-2021
90053,0,03-14-2021
53069,1069,03-14-2021
53071,5789,03-14-2021
53073,1517,03-14-2021
53075,5554,03-14-2021
53077,7909,03-14-2021
54001,4817,03-14-2021
54003,5362,03-14-2021
54005,5065,03-14-2021
54007,2213,03-14-2021
54009,6504,03-14-2021
54011,5843,03-14-2021
54013,1899,03-14-2021
54015,3091,03-14-2021
54017,3042,03-14-2021
54019,4206,03-14-2021
54021,5279,03-14-2021
54023,6708,03-14-2021
54025,4388,03-14-2021
54027,4379,03-14-2021
54029,6671,03-14-2021
54031,5799,03-14-2021
54033,4523,03-14-2021
54035,4167,03-14-2021
54037,4240,03-14-2021
54039,4921,03-14-2021
54041,3501,03-14-2021
54043,3841,03-14-2021
54045,5287,03-14-2021
54049,3404,03-14-2021
54051,7005,03-14-2021
54053,3993,03-14-2021
54047,5628,03-14-2021
54055,4909,03-14-2021
54057,7897,03-14-2021
54059,6224,03-14-2021
54061,5138,03-14-2021
54063,4986,03-14-2021
54065,3673,03-14-2021
54067,2886,03-14-2021
54069,6140,03-14-2021
54071,4491,03-14-2021
54073,7694,03-14-2021
54075,4365,03-14-2021
54077,5058,03-14-2021
54079,5387,03-14-2021
54081,3763,03-14-2021
54083,4199,03-14-2021
54085,3747,03-14-2021
54087,2279,03-14-2021
54089,3658,03-14-2021
54091,4204,03-14-2021
54093,4942,03-14-2021
54095,4341,03-14-2021
90054,0,03-14-2021
54097,3987,03-14-2021
54099,4421,03-14-2021
54101,1922,03-14-2021
54103,4752,03-14-2021
54105,3934,03-14-2021
54107,6032,03-14-2021
54109,5918,03-14-2021
55001,7072,03-14-2021
55003,6817,03-14-2021
55005,10204,03-14-2021
55007,6411,03-14-2021
55009,10515,03-14-2021
55011,7766,03-14-2021
55013,7142,03-14-2021
55015,10062,03-14-2021
55017,9318,03-14-2021
55019,8977,03-14-2021
55021,7856,03-14-2021
55023,9912,03-14-2021
55025,6353,03-14-2021
55027,12584,03-14-2021
55029,7965,03-14-2021
55031,8162,03-14-2021
55033,8375,03-14-2021
55035,9098,03-14-2021
55037,9825,03-14-2021
55039,10921,03-14-2021
55041,10173,03-14-2021
55043,8859,03-14-2021
55045,6512,03-14-2021
55047,9178,03-14-2021
55049,7373,03-14-2021
55051,9266,03-14-2021
55053,11689,03-14-2021
55055,8613,03-14-2021
55057,9484,03-14-2021
55059,8208,03-14-2021
55061,10697,03-14-2021
55063,9023,03-14-2021
55065,8094,03-14-2021
55067,10073,03-14-2021
55069,9477,03-14-2021
55071,8837,03-14-2021
55073,9678,03-14-2021
55075,9600,03-14-2021
55077,8392,03-14-2021
55078,15759,03-14-2021
55079,9737,03-14-2021
55081,7627,03-14-2021
55083,10851,03-14-2021
55085,8133,03-14-2021
55087,9379,03-14-2021
55089,7974,03-14-2021
55091,9592,03-14-2021
55093,8448,03-14-2021
55095,7027,03-14-2021
55097,8410,03-14-2021
55099,7602,03-14-2021
55101,9968,03-14-2021
55103,6573,03-14-2021
55105,8040,03-14-2021
55107,8075,03-14-2021
55111,7313,03-14-2021
55113,7597,03-14-2021
55115,11208,03-14-2021
55117,10276,03-14-2021
55109,7267,03-14-2021
55119,8745,03-14-2021
55121,10334,03-14-2021
90055,0,03-14-2021
55123,5152,03-14-2021
55125,7528,03-14-2021
55127,9087,03-14-2021
55129,7061,03-14-2021
55131,9724,03-14-2021
55133,9216,03-14-2021
55135,9386,03-14-2021
55137,8472,03-14-2021
55139,9963,03-14-2021
55141,8286,03-14-2021
56001,8922,03-14-2021
56003,6683,03-14-2021
56005,9030,03-14-2021
56007,6391,03-14-2021
56009,5809,03-14-2021
56011,5116,03-14-2021
56013,10106,03-14-2021
56015,7645,03-14-2021
56017,5211,03-14-2021
56019,6133,03-14-2021
56021,7080,03-14-2021
56023,4639,03-14-2021
56025,8113,03-14-2021
56027,5942,03-14-2021
56029,6922,03-14-2021
56031,5242,03-14-2021
56033,8341,03-14-2021
56035,6072,03-14-2021
56037,7004,03-14-2021
56039,9111,03-14-2021
56041,7702,03-14-2021
90056,0,03-14-2021
56043,10006,03-14-2021
56045,6871,03-14-2021
02066,0,03-14-2021
02063,0,03-14-2021
